DateTime,Segment,Segment_Label,Daily_Energy_kWh,Max_Active_Power,Peak_to_Average_Ratio,Power_Variability,Sub_Metering_1,Sub_Metering_2,Sub_Metering_3,Submeter_1_kWh,Submeter_2_kWh,Submeter_3_kWh,Submeter_Total_kWh,Reactive_to_Active_Ratio,Avg_Voltage,DayOfWeek,IsWeekend,Month,Year
2006-12-17,1,High Consumption High Demand,56.507666666666665,7.064,3.0002300572783636,0.5121268024662303,2033.0,4187.0,13341.0,2.033,4.187,13.341,19.561,0.06665939135102611,240.0870277777778,6,1,12,2006
2006-12-18,0,Moderate Stable Consumption,36.73043333333333,6.158,4.023693340581334,0.6567246157753455,1063.0,2621.0,14018.0,1.063,2.621,14.018,17.702,0.07341414431084849,241.23169444444446,0,0,12,2006
2006-12-19,1,High Consumption High Demand,27.7699,7.84,6.775681583297023,1.0695918239046478,839.0,7602.0,6197.0,0.839,7.602,6.197,14.638000000000002,0.0905908915768512,241.9993125,1,0,12,2006
2006-12-20,0,Moderate Stable Consumption,37.095800000000004,5.988,3.8740773888149067,0.854631292737326,0.0,2648.0,14063.0,0.0,2.648,14.063,16.711000000000002,0.07233433434512801,242.30806249999998,2,0,12,2006
2006-12-21,1,High Consumption High Demand,28.618566666666666,5.854,4.909260538321859,0.8330566425144322,1765.0,2623.0,10421.0,1.765,2.623,10.421,14.809,0.08395831610481307,241.0419027777778,3,0,12,2006
2006-12-22,1,High Consumption High Demand,39.0223,7.884,4.848919720262516,0.8832979742583678,3151.0,350.0,11131.0,3.151,0.35,11.131,14.632,0.07982871332545749,241.1845486111111,4,0,12,2006
2006-12-23,1,High Consumption High Demand,79.55643333333335,8.698,2.6239487022419725,0.45349734539476777,2669.0,425.0,14726.0,2.669,0.425,14.726,17.82,0.046396834448335,240.1360763888889,5,1,12,2006
2006-12-24,1,High Consumption High Demand,42.5002,6.824,3.8535348068950257,0.7202054521878639,1703.0,5082.0,6891.0,1.703,5.082,6.891,13.676,0.0587840370947274,241.6874375,6,1,12,2006
2006-12-25,1,High Consumption High Demand,45.718666666666664,6.702,3.5182128379363644,0.7484498051701708,6620.0,1962.0,5795.0,6.62,1.962,5.795,14.377,0.08759368893814343,243.39993055555558,0,0,12,2006
2006-12-26,1,High Consumption High Demand,65.5685,6.496,2.3777271098164516,0.35049127919579914,1086.0,2533.0,14979.0,1.086,2.533,14.979,18.598,0.04196679808139579,241.6254375,1,0,12,2006
2006-12-27,0,Moderate Stable Consumption,25.479333333333333,5.56,5.237185692979931,0.7776612289083811,0.0,314.0,6976.0,0.0,0.314,6.976,7.29,0.11702425495172558,243.76736111111111,2,0,12,2006
2006-12-28,1,High Consumption High Demand,34.54396666666666,9.132,6.3446101055756,0.9978880462401069,2207.0,4419.0,9176.0,2.207,4.419,9.176,15.802,0.10077784929157915,243.26833333333335,3,0,12,2006
2006-12-29,1,High Consumption High Demand,52.90653333333333,7.238,3.2833752101189773,0.5958037336633593,1252.0,5162.0,11329.0,1.252,5.162,11.329,17.743000000000002,0.06186822547435856,240.87130555555555,4,0,12,2006
2006-12-30,1,High Consumption High Demand,46.7056,9.078,4.6647939433387,0.8985223993665935,3147.0,7938.0,12515.0,3.147,7.938,12.515,23.6,0.11159261416189922,240.53597222222223,5,1,12,2006
2006-12-31,0,Moderate Stable Consumption,58.236599999999996,6.722,2.7702166678686604,0.479782848757356,0.0,347.0,6502.0,0.0,0.347,6.502,6.849,0.04317216321007752,239.8965763888889,6,1,12,2006
2007-01-01,0,Moderate Stable Consumption,45.81673333333333,3.558,1.863773206586822,0.4777646443063328,0.0,352.0,5880.0,0.0,0.352,5.88,6.232,0.05389806635421411,240.12897916666665,0,0,1,2007
2007-01-02,0,Moderate Stable Consumption,21.153933333333335,3.688,4.184186392443959,0.7972942022529557,0.0,348.0,6562.0,0.0,0.348,6.562,6.91,0.14996580620152594,241.94377777777777,1,0,1,2007
2007-01-03,0,Moderate Stable Consumption,16.9009,5.19,7.370021714819922,0.7987841894022242,0.0,344.0,4765.0,0.0,0.344,4.765,5.109,0.19400150287854492,243.5570902777778,2,0,1,2007
2007-01-04,1,High Consumption High Demand,54.32353333333333,5.976,2.6401817260291125,0.5128385398137206,1051.0,7597.0,10896.0,1.051,7.597,10.896,19.544,0.0620670231317796,239.7502986111111,3,0,1,2007
2007-01-05,0,Moderate Stable Consumption,45.22273333333333,5.73,3.040948431541069,0.5442622602858637,1483.0,379.0,7602.0,1.483,0.379,7.602,9.464,0.06381524926253905,240.49576388888892,4,0,1,2007
2007-01-06,2,Low Consumption High Variability,25.139633333333332,8.044,7.679348280073033,0.9194981813845665,1336.0,402.0,5678.0,1.336,0.402,5.678,7.416,0.12741368542898399,239.67305555555555,5,1,1,2007
2007-01-07,1,High Consumption High Demand,40.79366666666667,7.774,4.573651138657144,0.9815069717251299,1987.0,8177.0,12810.0,1.987,8.177,12.81,22.974,0.10053603091983233,240.90248611111113,6,1,1,2007
2007-01-08,0,Moderate Stable Consumption,37.356,4.97,3.193061355605525,0.5847763553397701,0.0,467.0,17547.0,0.0,0.467,17.547,18.014,0.0926080593925117,239.5769513888889,0,0,1,2007
2007-01-09,1,High Consumption High Demand,31.1509,8.67,6.679742800368528,0.9676706093162376,1688.0,4267.0,9790.0,1.688,4.267,9.79,15.745,0.11088390169572415,240.48752083333335,1,0,1,2007
2007-01-10,1,High Consumption High Demand,35.913333333333334,6.836,4.568331167625765,0.8630431588460016,771.0,4456.0,11012.0,0.771,4.456,11.012,16.239,0.10602004826434007,241.02745138888892,2,0,1,2007
2007-01-11,1,High Consumption High Demand,37.58656666666666,7.754,4.951130590095575,0.9480318400991946,1378.0,2170.0,12415.0,1.378,2.17,12.415,15.963,0.10199565979689552,241.1556875,3,0,1,2007
2007-01-12,0,Moderate Stable Consumption,24.354933333333335,6.478,6.3835937414459485,0.9150561185217843,0.0,439.0,8276.0,0.0,0.439,8.276,8.715,0.13627629173008066,241.53820833333336,4,0,1,2007
2007-01-13,1,High Consumption High Demand,53.113566666666664,9.272,4.189664034361592,0.8591276222182604,7806.0,2975.0,11341.0,7.806,2.975,11.341,22.122,0.09123092844452171,239.28361111111113,5,1,1,2007
2007-01-14,1,High Consumption High Demand,50.183816666666665,7.64,3.65376753262755,0.6617482844102567,1777.0,4215.0,12991.5,1.777,4.215,12.9915,18.9835,0.07551471606550453,238.81780555555557,6,1,1,2007
2007-01-15,0,Moderate Stable Consumption,35.811299999999996,5.896,3.9513784755091272,0.6440740155060233,1099.0,2239.0,15163.0,1.099,2.239,15.163,18.501,0.0813802719625742,241.2409097222222,0,0,1,2007
2007-01-16,0,Moderate Stable Consumption,28.106733333333334,5.57,4.756155701717976,0.8505924550580863,2063.0,644.0,6583.0,2.063,0.644,6.583,9.290000000000001,0.1099546727830342,241.94475694444446,1,0,1,2007
2007-01-17,1,High Consumption High Demand,47.46146666666667,8.0,4.045386994642672,0.7272134656333288,3500.0,5737.0,16064.0,3.5,5.737,16.064,25.301000000000002,0.07049648697469667,241.00525,2,0,1,2007
2007-01-18,0,Moderate Stable Consumption,30.3577,6.808,5.38222592620653,0.8615580576704049,0.0,336.0,13491.0,0.0,0.336,13.491,13.827,0.09756558193363353,240.89359722222224,3,0,1,2007
2007-01-19,2,Low Consumption High Variability,24.674,6.132,5.964497041420118,0.9700687213638688,2103.0,330.0,7172.0,2.103,0.33,7.172,9.605,0.11486585069303719,240.16094444444445,4,0,1,2007
2007-01-20,1,High Consumption High Demand,52.22886666666667,8.658,3.9784895453727374,0.6923243202583271,4324.0,5222.0,11440.0,4.324,5.222,11.44,20.985999999999997,0.07606330088214308,238.8674722222222,5,1,1,2007
2007-01-21,1,High Consumption High Demand,56.7877,8.018,3.3886211274624607,0.784032085653848,10346.0,5567.0,11599.0,10.346,5.567,11.599,27.512,0.06742539904474618,238.96811805555558,6,1,1,2007
2007-01-22,1,High Consumption High Demand,36.34156666666667,7.722,5.099615041362187,0.8153280375412593,1054.0,2983.0,11361.0,1.054,2.983,11.361,15.398,0.07734118965702266,241.60313194444444,0,0,1,2007
2007-01-23,0,Moderate Stable Consumption,29.627333333333336,6.036,4.889538939267793,0.993885351151509,0.0,1064.0,5061.0,0.0,1.064,5.061,6.125,0.07778852861096736,242.76255555555556,1,0,1,2007
2007-01-24,1,High Consumption High Demand,49.79756666666666,7.248,3.4931827324896063,0.5649996590594639,3464.0,2480.0,11744.0,3.464,2.48,11.744,17.688,0.059594612052663885,241.45769444444446,2,0,1,2007
2007-01-25,0,Moderate Stable Consumption,26.605733333333333,5.832,5.26082097593,0.8926860084331061,1158.0,262.0,11239.0,1.158,0.262,11.239,12.659,0.09030635000977232,243.42436111111112,3,0,1,2007
2007-01-26,0,Moderate Stable Consumption,26.9662,5.024,4.471375277198864,0.8031196406571913,1163.0,261.0,8238.0,1.163,0.261,8.238,9.661999999999999,0.08832167676572895,242.77179166666667,4,0,1,2007
2007-01-27,1,High Consumption High Demand,34.06786666666667,6.204,4.370570116903906,0.7883810281594155,1170.0,3896.0,12374.0,1.17,3.896,12.374,17.44,0.07252288569091499,241.61656944444442,5,1,1,2007
2007-01-28,1,High Consumption High Demand,51.54041666666667,7.552,3.5166188347332588,0.629844204060671,3466.0,3997.5,12061.0,3.466,3.9975,12.061,19.5245,0.04967881193561687,240.30152083333334,6,1,1,2007
2007-01-29,0,Moderate Stable Consumption,33.0444,4.908,3.564658459527182,0.6783116851565436,1123.0,294.0,15254.0,1.123,0.294,15.254,16.671,0.08357240561184347,240.9295972222222,0,0,1,2007
2007-01-30,0,Moderate Stable Consumption,28.4633,6.166,5.199116054709046,0.9824159109353309,1123.0,1424.0,8149.0,1.123,1.424,8.149,10.695999999999998,0.10594578515726098,241.84087499999998,1,0,1,2007
2007-01-31,1,High Consumption High Demand,39.39586666666666,6.59,4.014634360965109,0.7842122665655191,0.0,5950.0,15052.0,0.0,5.95,15.052,21.002,0.07868338133611309,239.92113194444443,2,0,1,2007
2007-02-01,0,Moderate Stable Consumption,30.412666666666667,7.482,5.904381946118941,0.8736165388228477,1170.0,386.0,13145.0,1.17,0.386,13.145,14.701,0.08234726758587431,240.3921388888889,3,0,2,2007
2007-02-02,0,Moderate Stable Consumption,27.7956,5.448,4.704053879031214,0.8550569161040175,0.0,356.0,11338.0,0.0,0.356,11.338,11.693999999999999,0.08367151635510656,240.3343888888889,4,0,2,2007
2007-02-03,1,High Consumption High Demand,67.16203333333334,7.904,2.82445290270644,0.4966712194482724,4746.0,4573.0,17834.0,4.746,4.573,17.834,27.153,0.06100271929428382,238.91019444444444,5,1,2,2007
2007-02-04,1,High Consumption High Demand,59.93233333333333,7.698,3.0826765741363875,0.5082979487147479,3391.0,4597.0,14472.0,3.391,4.597,14.472,22.46,0.05186237812644261,239.63333333333333,6,1,2,2007
2007-02-05,1,High Consumption High Demand,27.421333333333333,5.816,5.09034328503355,0.9320516458177817,896.0,2564.0,7849.0,0.896,2.564,7.849,11.309000000000001,0.08948507244967423,240.81031249999998,0,0,2,2007
2007-02-06,0,Moderate Stable Consumption,21.224666666666668,4.816,5.445739234224329,0.8814297704213206,1185.0,405.0,4517.0,1.185,0.405,4.517,6.107,0.11194993246851148,241.26415972222225,1,0,2,2007
2007-02-07,1,High Consumption High Demand,38.8003,6.694,4.140586541856635,0.7383775187625744,3299.0,3513.0,11986.0,3.299,3.513,11.986,18.798000000000002,0.07633446133148454,241.14969444444444,2,0,2,2007
2007-02-08,0,Moderate Stable Consumption,30.023566666666667,5.58,4.460496032561089,0.8412953776565523,2226.0,366.0,10157.0,2.226,0.366,10.157,12.749,0.07710387506703067,241.79730555555554,3,0,2,2007
2007-02-09,0,Moderate Stable Consumption,27.003300000000003,6.146,5.462443479130328,0.8954643943372951,0.0,3045.0,9770.0,0.0,3.045,9.77,12.815,0.09755968097726327,241.74044444444445,4,0,2,2007
2007-02-10,1,High Consumption High Demand,47.15546666666667,6.88,3.5016088625991757,0.766498393180091,5071.0,2831.0,14405.0,5.071,2.831,14.405,22.307,0.06820488822787601,240.0368263888889,5,1,2,2007
2007-02-11,1,High Consumption High Demand,59.52046666666667,7.426,2.9943313616492704,0.4977243882382436,2430.0,4765.0,13114.0,2.43,4.765,13.114,20.309,0.057211132977228,239.5061458333333,6,1,2,2007
2007-02-12,0,Moderate Stable Consumption,31.293499999999998,6.514,4.995797849393645,0.80688461699355,2227.0,399.0,11517.0,2.227,0.399,11.517,14.142999999999999,0.07280745202677874,240.09850000000003,0,0,2,2007
2007-02-13,1,High Consumption High Demand,23.575766666666667,4.972,5.061468485294929,0.9570047119325685,0.0,2828.0,6256.0,0.0,2.828,6.256,9.084,0.09520934632030346,241.16685416666667,1,0,2,2007
2007-02-14,1,High Consumption High Demand,41.644533333333335,6.008,3.462447251980252,0.78804345193993,3295.0,3793.0,11579.0,3.295,3.793,11.579,18.667,0.08104545134375381,240.3753888888889,2,0,2,2007
2007-02-15,0,Moderate Stable Consumption,33.0891,7.234,5.246924213713881,0.8898903254705683,0.0,2363.0,14028.0,0.0,2.363,14.028,16.391000000000002,0.08359449687862971,240.66922222222223,3,0,2,2007
2007-02-16,0,Moderate Stable Consumption,28.375466666666668,6.316,5.342079542891512,0.9605495653535044,1148.0,859.0,8689.0,1.148,0.859,8.689,10.696,0.08909456995714608,240.82094444444442,4,0,2,2007
2007-02-17,1,High Consumption High Demand,34.615199999999994,7.33,5.082160438189004,0.8750039953284171,1765.0,2226.0,7157.0,1.765,2.226,7.157,11.148,0.11505928031616168,239.31603472222224,5,1,2,2007
2007-02-18,1,High Consumption High Demand,63.82936666666667,7.16,2.692177738459988,0.5858813819180431,6107.0,8003.0,13129.0,6.107,8.003,13.129,27.238999999999997,0.06672007294448061,239.17080555555557,6,1,2,2007
2007-02-19,1,High Consumption High Demand,36.44356666666667,7.682,5.0589998966438525,0.9046375448803405,1634.0,2900.0,13085.0,1.634,2.9,13.085,17.619,0.08075682310641019,239.78958333333333,0,0,2,2007
2007-02-20,1,High Consumption High Demand,52.498799999999996,8.374,3.828201787469428,0.594055150736796,2058.0,5191.0,9713.0,2.058,5.191,9.713,16.962,0.05941659618886526,239.86544444444445,1,0,2,2007
2007-02-21,1,High Consumption High Demand,34.5479,8.974,6.234127110475601,0.8775658895868168,3527.0,2332.0,11548.0,3.527,2.332,11.548,17.407,0.09159746323220803,240.46096527777777,2,0,2,2007
2007-02-22,1,High Consumption High Demand,56.290333333333336,9.41,4.012056540199324,0.6654149445780707,1409.0,4165.0,12285.0,1.409,4.165,12.285,17.859,0.040902227143796155,238.62018055555555,3,0,2,2007
2007-02-23,0,Moderate Stable Consumption,21.891333333333332,5.468,5.994701099369613,0.7866119248215429,0.0,503.0,10786.0,0.0,0.503,10.786,11.289,0.11370100800925784,240.68596527777777,4,0,2,2007
2007-02-24,3,Very Low Consumption,11.915366666666667,2.464,4.963002956965934,1.0598147071516082,0.0,363.0,3562.0,0.0,0.363,3.562,3.925,0.1709305350793513,239.86310416666666,5,1,2,2007
2007-02-25,3,Very Low Consumption,8.362333333333334,1.536,4.408338980348387,0.786906751128571,0.0,329.0,1660.0,0.0,0.329,1.66,1.9889999999999999,0.2266831426635309,241.6815486111111,6,1,2,2007
2007-02-26,3,Very Low Consumption,9.474733333333335,1.558,3.946496295410249,0.8612646184797838,0.0,331.0,2830.0,0.0,0.331,2.83,3.161,0.19047149963763269,241.27359027777777,0,0,2,2007
2007-02-27,3,Very Low Consumption,8.6352,1.47,4.0856031128404675,0.7933095024641846,0.0,314.0,1924.0,0.0,0.314,1.924,2.238,0.21849329874621706,242.94427083333332,1,0,2,2007
2007-02-28,3,Very Low Consumption,8.679566666666666,1.486,4.108960892824911,0.8019594609761026,0.0,340.0,1973.0,0.0,0.34,1.973,2.313,0.21769904027466808,242.15959027777777,2,0,2,2007
2007-03-01,3,Very Low Consumption,8.626066666666667,1.472,4.09549350418499,0.8103168662183329,0.0,316.0,1980.0,0.0,0.316,1.98,2.296,0.20795109397098718,241.3214027777778,3,0,3,2007
2007-03-02,3,Very Low Consumption,8.5948,1.468,4.099222785870527,0.7971495937008442,0.0,340.0,1969.0,0.0,0.34,1.969,2.309,0.2075053132902065,240.59159722222225,4,0,3,2007
2007-03-03,0,Moderate Stable Consumption,13.652033333333332,4.242,7.457350675479355,0.9471755828484095,0.0,347.0,4597.0,0.0,0.347,4.597,4.944000000000001,0.16480084773696713,241.28808333333336,5,1,3,2007
2007-03-04,1,High Consumption High Demand,34.845,10.67,7.349117520447698,1.2472852456347927,1476.0,8711.0,9408.0,1.476,8.711,9.408,19.595,0.08403022910986752,240.0297986111111,6,1,3,2007
2007-03-05,1,High Consumption High Demand,44.33886666666667,9.486,5.134637330979743,0.9136763721535008,5727.0,12109.0,10026.0,5.727,12.109,10.026,27.862,0.07741740504568603,240.03090972222222,0,0,3,2007
2007-03-06,2,Low Consumption High Variability,20.775,6.508,7.5182671480144405,1.0613703526631184,0.0,1740.0,4700.0,0.0,1.74,4.7,6.44,0.14933654231849178,240.98806944444445,1,0,3,2007
2007-03-07,1,High Consumption High Demand,39.58676666666667,5.98,3.625453960624889,0.8459339386628968,1076.0,4761.0,15513.0,1.076,4.761,15.513,21.35,0.07207795871179172,240.3235625,2,0,3,2007
2007-03-08,2,Low Consumption High Variability,26.2022,6.354,5.819969315553656,1.1349635985666076,2180.0,3385.0,6655.0,2.18,3.385,6.655,12.219999999999999,0.11920373098442114,240.66542361111112,3,0,3,2007
2007-03-09,0,Moderate Stable Consumption,21.2102,5.444,6.1600550678447155,0.8889858493878549,1093.0,345.0,8631.0,1.093,0.345,8.631,10.069,0.09369548613402984,240.88846527777778,4,0,3,2007
2007-03-10,1,High Consumption High Demand,41.41186666666667,6.35,3.680104575500098,0.7966250271972466,4130.0,5422.0,10979.0,4.13,5.422,10.979,20.531,0.09801055414068109,239.80283333333335,5,1,3,2007
2007-03-11,1,High Consumption High Demand,58.0106,7.142,2.9547703350766934,0.48453933656230014,4810.0,3420.0,9500.0,4.81,3.42,9.5,17.73,0.04981101155076256,240.00729166666667,6,1,3,2007
2007-03-12,1,High Consumption High Demand,32.51113333333333,6.078,4.486832203122213,0.7713794200252682,1403.0,2841.0,12353.0,1.403,2.841,12.353,16.597,0.06891075262422923,240.55871527777776,0,0,3,2007
2007-03-13,2,Low Consumption High Variability,21.5024,5.77,6.440211325247414,1.1148024854853555,1350.0,3859.0,5323.0,1.35,3.859,5.323,10.532,0.09822004365404172,240.89796527777779,1,0,3,2007
2007-03-14,1,High Consumption High Demand,29.889400000000002,6.114,4.90929894879121,0.9270313856913321,3485.0,480.0,8607.0,3.485,0.48,8.607,12.572,0.08783604443938876,240.77729166666666,2,0,3,2007
2007-03-15,0,Moderate Stable Consumption,31.413566666666668,4.574,3.494541105912838,0.8276169125463518,0.0,3263.0,11036.0,0.0,3.263,11.036,14.299,0.08453141795423845,240.28049305555552,3,0,3,2007
2007-03-16,1,High Consumption High Demand,28.36756666666667,5.342,4.519527582556134,0.9079270694226087,1106.0,4604.0,5370.0,1.106,4.604,5.37,11.08,0.07650051055959446,239.52713194444445,4,0,3,2007
2007-03-17,0,Moderate Stable Consumption,33.8015,5.642,4.005976066150911,0.8341767495609038,2208.0,359.0,12275.0,2.208,0.359,12.275,14.842,0.06265402422969395,238.22465277777778,5,1,3,2007
2007-03-18,1,High Consumption High Demand,39.51743333333333,7.994,4.854971181495425,0.9529804408427149,6564.0,7369.0,5856.0,6.564,7.369,5.856,19.789,0.10183269325015204,241.04781944444443,6,1,3,2007
2007-03-19,1,High Consumption High Demand,35.8753,7.452,4.9852684158738745,0.8364477863182477,1648.0,2686.0,14118.0,1.648,2.686,14.118,18.451999999999998,0.06725332842745102,240.49709027777777,0,0,3,2007
2007-03-20,1,High Consumption High Demand,34.77046666666667,6.55,4.521078233059857,0.9937816998503859,3745.0,2837.0,11255.0,3.745,2.837,11.255,17.837000000000003,0.07902779561965423,240.8156388888889,1,0,3,2007
2007-03-21,1,High Consumption High Demand,35.70153333333334,5.88,3.952771402908932,0.7105288199745824,1865.0,4133.0,12335.0,1.865,4.133,12.335,18.333000000000002,0.06667780842279417,240.98664583333334,2,0,3,2007
2007-03-22,0,Moderate Stable Consumption,24.249633333333335,5.744,5.684869461943753,0.9071494504030955,353.0,736.0,10462.0,0.353,0.736,10.462,11.551,0.07823211072607282,241.76352777777777,3,0,3,2007
2007-03-23,0,Moderate Stable Consumption,21.8168,4.314,4.745700561035532,0.9016632716037094,1127.0,777.0,8369.0,1.127,0.777,8.369,10.273,0.09128133670688032,241.64547916666666,4,0,3,2007
2007-03-24,1,High Consumption High Demand,49.47383333333333,7.186,3.485963960746927,0.7745507849279273,3707.0,5797.0,16382.0,3.707,5.797,16.382,25.886000000000003,0.06435186276920796,239.70447222222222,5,1,3,2007
2007-03-25,1,High Consumption High Demand,55.61088333333333,7.918,3.417172837571063,0.5186697881419863,4630.0,3600.0,9358.0,4.63,3.6,9.358,17.588,0.0707895007362168,240.03453819444442,6,1,3,2007
2007-03-26,0,Moderate Stable Consumption,23.601366666666667,5.804,5.902031097069237,0.8746355041717233,1088.0,344.0,9096.0,1.088,0.344,9.096,10.528,0.11366997108924483,241.3368125,0,0,3,2007
2007-03-27,2,Low Consumption High Variability,18.419,5.938,7.737227862533254,1.241094624313298,0.0,3019.0,3697.0,0.0,3.019,3.697,6.716,0.13729120292451635,240.60197916666664,1,0,3,2007
2007-03-28,1,High Consumption High Demand,38.8983,6.714,4.142494659149628,0.8189489045682979,1122.0,8527.0,13888.0,1.122,8.527,13.888,23.537,0.08420162320718387,240.4446111111111,2,0,3,2007
2007-03-29,0,Moderate Stable Consumption,26.506766666666667,6.49,5.876235376375592,0.9956533389845458,1162.0,460.0,10724.0,1.162,0.46,10.724,12.346,0.12493413631487807,240.5366875,3,0,3,2007
2007-03-30,0,Moderate Stable Consumption,23.373233333333335,5.098,5.234705795946075,0.9141536378495388,1094.0,468.0,8217.0,1.094,0.468,8.217,9.779,0.1291562856087519,241.03922916666667,4,0,3,2007
2007-03-31,1,High Consumption High Demand,58.49183333333334,7.098,2.9124065752768904,0.5339497106078824,2620.0,7707.0,17682.0,2.62,7.707,17.682,28.009,0.065964764311827,239.26077083333334,5,1,3,2007
2007-04-01,1,High Consumption High Demand,46.43253333333333,8.16,4.217732394527975,0.7342548758490708,4629.0,5401.0,19509.0,4.629,5.401,19.509,29.539,0.07270477021858238,240.02448611111112,6,1,4,2007
2007-04-02,0,Moderate Stable Consumption,32.679633333333335,6.338,4.654642187947846,0.7693239597702934,1755.0,970.0,16641.0,1.755,0.97,16.641,19.366,0.08891164629550108,240.46011805555557,0,0,4,2007
2007-04-03,2,Low Consumption High Variability,27.380333333333333,7.928,6.949221460659111,1.1552323620324372,3630.0,1042.0,7637.0,3.63,1.042,7.637,12.309,0.10272580075723452,240.50495833333335,1,0,4,2007
2007-04-04,0,Moderate Stable Consumption,34.1978,6.266,4.3974758610202995,0.7892435969795133,3434.0,420.0,14748.0,3.434,0.42,14.748,18.602,0.08398103581711885,240.33178472222224,2,0,4,2007
2007-04-05,1,High Consumption High Demand,30.73463333333333,8.102,6.326673817484944,1.1117598988576929,1086.0,4277.0,10523.0,1.086,4.277,10.523,15.886,0.13260718906683994,241.1731041666667,3,0,4,2007
2007-04-06,1,High Consumption High Demand,26.68566666666667,5.812,5.227075708557653,0.9029981912544157,0.0,5466.0,9166.0,0.0,5.466,9.166,14.632000000000001,0.08944502042294863,241.18445138888887,4,0,4,2007
2007-04-07,1,High Consumption High Demand,25.898733333333332,5.44,5.04117318478896,1.0904307402156985,1127.0,3111.0,5923.0,1.127,3.111,5.923,10.161000000000001,0.08927721046846564,240.37859027777776,5,1,4,2007
2007-04-08,0,Moderate Stable Consumption,26.8136,3.598,3.220455291344691,0.8161340690252652,0.0,485.0,3545.0,0.0,0.485,3.545,4.03,0.08446087060297759,240.34918055555556,6,1,4,2007
2007-04-09,2,Low Consumption High Variability,16.682,3.766,5.418055389042082,1.0891712167814784,2667.0,514.0,3801.0,2.667,0.514,3.801,6.982,0.15996283419254287,240.55048611111113,0,0,4,2007
2007-04-10,3,Very Low Consumption,12.956066666666667,3.076,5.698025635352293,0.8406697698568261,209.0,742.0,2572.0,0.209,0.742,2.572,3.523,0.19159621490061282,240.8137013888889,1,0,4,2007
2007-04-11,3,Very Low Consumption,14.791366666666667,2.906,4.715182955823329,0.8351759693288209,0.0,1112.0,6421.0,0.0,1.112,6.421,7.533,0.21684496136259665,241.1548263888889,2,0,4,2007
2007-04-12,3,Very Low Consumption,8.961766666666668,1.542,4.129542910066096,0.752887596129677,0.0,541.0,1818.0,0.0,0.541,1.818,2.359,0.2748937151528903,240.25606249999998,3,0,4,2007
2007-04-13,3,Very Low Consumption,9.1837,1.466,3.8311355989416027,0.748737556912916,0.0,558.0,1988.0,0.0,0.558,1.988,2.5460000000000003,0.2751977235028728,240.05048611111113,4,0,4,2007
2007-04-14,3,Very Low Consumption,9.2378,1.526,3.964580311329537,0.7480171138658862,0.0,578.0,2008.0,0.0,0.578,2.008,2.586,0.2807486631016043,240.31314583333332,5,1,4,2007
2007-04-15,2,Low Consumption High Variability,12.102733333333333,3.906,7.74568830181612,1.1179043920002254,0.0,1026.0,2893.0,0.0,1.026,2.893,3.9189999999999996,0.2362331374179938,240.23668750000002,6,1,4,2007
2007-04-16,2,Low Consumption High Variability,15.873166666666666,6.026,9.111225443358288,1.2170052011647945,952.0,1305.0,4656.0,0.952,1.305,4.656,6.912999999999999,0.1953758439294827,240.6571388888889,0,0,4,2007
2007-04-17,2,Low Consumption High Variability,20.395566666666664,6.41,7.542815677263197,1.0315408995906117,1532.0,389.0,6199.0,1.532,0.389,6.199,8.12,0.17843256786197004,240.19566666666668,1,0,4,2007
2007-04-18,2,Low Consumption High Variability,16.637433333333334,6.054,8.733077818493639,1.1205382698496222,1579.0,355.0,3430.0,1.579,0.355,3.43,5.364,0.1655143121034294,240.14677777777777,2,0,4,2007
2007-04-19,2,Low Consumption High Variability,17.144299999999998,5.798,8.116516859830966,0.881543037813612,733.0,1605.0,5748.0,0.733,1.605,5.748,8.086,0.14549053232464046,240.42984027777777,3,0,4,2007
2007-04-20,2,Low Consumption High Variability,13.709666666666667,5.814,10.177927982688614,1.3777840816293037,1069.0,360.0,3499.0,1.069,0.36,3.499,4.928,0.17705998200782902,240.13289583333332,4,0,4,2007
2007-04-21,2,Low Consumption High Variability,27.894266666666667,7.336,6.311834690043833,1.0578317442213323,6575.0,463.0,11129.0,6.575,0.463,11.129,18.167,0.1270619529939247,239.21323611111112,5,1,4,2007
2007-04-22,1,High Consumption High Demand,37.228566666666666,6.958,4.4855876804282016,0.8245068961331605,4264.0,2287.0,11102.0,4.264,2.287,11.102,17.653,0.11961871573531796,239.60888194444442,6,1,4,2007
2007-04-23,2,Low Consumption High Variability,17.5761,4.676,6.385034222609112,1.0244270785562228,1402.0,506.0,6005.0,1.402,0.506,6.005,7.913,0.1286216320268243,237.23564583333334,0,0,4,2007
2007-04-24,2,Low Consumption High Variability,17.201666666666664,5.638,7.866214514097472,1.0157062270541897,1125.0,527.0,6680.0,1.125,0.527,6.68,8.332,0.13105706811355491,235.3449236111111,1,0,4,2007
2007-04-25,2,Low Consumption High Variability,21.069366666666667,4.602,5.242112957041898,1.0129050007494145,0.0,1469.0,8812.0,0.0,1.469,8.812,10.280999999999999,0.130312412491437,234.94111111111113,2,0,4,2007
2007-04-26,2,Low Consumption High Variability,21.257766666666665,5.394,6.089821288846586,0.9986743406825587,1324.0,1845.0,7163.0,1.324,1.845,7.163,10.332,0.12827154937881527,234.7872986111111,3,0,4,2007
2007-04-27,2,Low Consumption High Variability,18.23886666666667,4.658,6.129328211182712,1.187816325782007,1772.0,545.0,4756.0,1.772,0.545,4.756,7.073,0.14796972034081063,235.21616666666668,4,0,4,2007
2007-05-01,2,Low Consumption High Variability,27.730966666666667,6.096,5.275834836867088,0.9635293409750224,4005.0,995.0,8546.0,4.005,0.995,8.546,13.546,0.10914873745235472,234.6787013888889,1,0,5,2007
2007-05-02,2,Low Consumption High Variability,16.724766666666667,5.76,8.265586166623152,0.9582296863413707,7.0,1490.0,3754.0,0.007,1.49,3.754,5.2509999999999994,0.15953585799901546,235.58207638888888,2,0,5,2007
2007-05-03,2,Low Consumption High Variability,18.170633333333335,4.712,6.223668593463078,1.0613267052147062,1906.0,1725.0,7836.0,1.906,1.725,7.836,11.467,0.138448669006217,235.1348888888889,3,0,5,2007
2007-05-04,2,Low Consumption High Variability,16.635466666666666,5.702,8.226279595402593,1.2848561154292921,2259.0,538.0,3990.0,2.259,0.538,3.99,6.787,0.17506772678454066,235.71019444444443,4,0,5,2007
2007-05-05,2,Low Consumption High Variability,26.050866666666664,5.642,5.197830910296011,0.9545227529900644,2913.0,2493.0,11303.0,2.913,2.493,11.303,16.709,0.1113859295787984,235.03502083333333,5,1,5,2007
2007-05-06,1,High Consumption High Demand,35.035066666666665,6.126,4.196481239748366,0.7650671925789054,3215.0,949.0,10095.0,3.215,0.949,10.095,14.259,0.0867397616863866,234.4096527777778,6,1,5,2007
2007-05-07,2,Low Consumption High Variability,27.3944,7.572,6.633764565020589,1.0265964093284874,946.0,4935.0,9433.0,0.946,4.935,9.433,15.314,0.10276917910229828,234.5369722222222,0,0,5,2007
2007-05-08,2,Low Consumption High Variability,29.82153333333333,7.672,6.174330405545881,0.9398479551295533,4581.0,2011.0,8777.0,4.581,2.011,8.777,15.369,0.10149936399425025,234.9062361111111,1,0,5,2007
2007-05-09,2,Low Consumption High Variability,27.76226666666667,6.356,5.494652213796184,0.992883166404105,3018.0,5631.0,9474.0,3.018,5.631,9.474,18.123,0.11015190882588838,234.8737222222222,2,0,5,2007
2007-05-10,2,Low Consumption High Variability,11.798066666666667,4.276,8.698374309915183,1.2616897979148047,946.0,534.0,3261.0,0.946,0.534,3.261,4.741,0.2377705951822615,235.79625694444442,3,0,5,2007
2007-05-11,2,Low Consumption High Variability,16.319233333333333,4.724,6.947385191706311,0.9968712634976371,926.0,491.0,6471.0,0.926,0.491,6.471,7.888,0.13490829838820043,235.22975694444443,4,0,5,2007
2007-05-12,2,Low Consumption High Variability,24.0261,7.172,7.164208922796457,0.999793192390804,2247.0,1075.0,10408.0,2.247,1.075,10.408,13.73,0.1451005364998897,234.72290277777776,5,1,5,2007
2007-05-13,2,Low Consumption High Variability,27.245633333333334,5.562,4.899427308840927,0.9269781671304654,3612.0,2414.0,8958.0,3.612,2.414,8.958,14.984,0.13498799195956782,235.7087083333333,6,1,5,2007
2007-05-14,2,Low Consumption High Variability,24.463033333333332,5.62,5.513625320381365,1.087267689638159,3176.0,2417.0,5517.0,3.176,2.417,5.517,11.11,0.20340350269999227,235.69006944444445,0,0,5,2007
2007-05-15,0,Moderate Stable Consumption,15.073200000000002,4.228,6.7319480933046725,0.7411187108968174,0.0,408.0,5318.0,0.0,0.408,5.318,5.726,0.12293562968270395,235.61199305555556,1,0,5,2007
2007-05-16,1,High Consumption High Demand,28.215733333333333,5.64,4.7973234790991315,0.8539981770853636,2213.0,5756.0,9077.0,2.213,5.756,9.077,17.046,0.0802708181723672,235.26081250000001,2,0,5,2007
2007-05-17,2,Low Consumption High Variability,20.530266666666666,5.81,6.7919234690895385,0.9322825457173435,1014.0,2073.0,7687.0,1.014,2.073,7.687,10.774000000000001,0.10649967202893937,235.86845833333334,3,0,5,2007
2007-05-18,2,Low Consumption High Variability,27.192166666666665,6.126,5.406851237795199,0.9943620200130199,3270.0,3913.0,8116.0,3.27,3.913,8.116,15.299,0.1049677296770516,235.9945972222222,4,0,5,2007
2007-05-19,2,Low Consumption High Variability,23.824033333333333,4.524,4.557414711474827,0.9199336635179411,4683.0,530.0,7022.0,4.683,0.53,7.022,12.235,0.11742903874378954,234.94472222222223,5,1,5,2007
2007-05-20,1,High Consumption High Demand,32.80546666666667,5.344,3.909592303721738,0.9157669239894425,5420.0,1733.0,7611.0,5.42,1.733,7.611,14.764,0.09527477127795775,235.34811805555555,6,1,5,2007
2007-05-21,0,Moderate Stable Consumption,18.6677,4.572,5.877960327196173,0.792590643888504,0.0,468.0,9060.0,0.0,0.468,9.06,9.528,0.10470848935148233,234.6919097222222,0,0,5,2007
2007-05-22,2,Low Consumption High Variability,18.88086666666667,5.328,6.772570468163537,1.192240008073192,931.0,3966.0,3984.0,0.931,3.966,3.984,8.881,0.11379774233527414,235.48057638888892,1,0,5,2007
2007-05-23,2,Low Consumption High Variability,24.415599999999998,5.432,5.339537017316798,0.7951552958360205,956.0,3792.0,8119.0,0.956,3.792,8.119,12.866999999999999,0.11323225041913093,234.81249305555554,2,0,5,2007
2007-05-24,2,Low Consumption High Variability,19.2398,5.462,6.813376438424516,1.180524865510198,955.0,4116.0,4746.0,0.955,4.116,4.746,9.817,0.11743018811699361,235.5460625,3,0,5,2007
2007-05-25,2,Low Consumption High Variability,26.903666666666666,6.98,6.22666055432345,1.2034783756008265,8060.0,586.0,6539.0,8.06,0.586,6.539,15.185,0.10815626122833318,234.44720138888886,4,0,5,2007
2007-05-26,2,Low Consumption High Variability,25.204133333333335,4.974,4.736365992879475,0.8537334397560689,2373.0,2754.0,8628.0,2.373,2.754,8.628,13.755,0.1152191968513101,235.0698888888889,5,1,5,2007
2007-05-27,1,High Consumption High Demand,35.8968,6.776,4.53032025138731,0.9441215975841042,4366.0,5534.0,10444.0,4.366,5.534,10.444,20.344,0.10209545140513918,234.90843750000002,6,1,5,2007
2007-05-28,2,Low Consumption High Variability,27.291133333333335,5.798,5.0987988772910375,0.8641513678343969,4554.0,473.0,9586.0,4.554,0.473,9.586,14.613,0.09227661242845661,234.90657638888888,0,0,5,2007
2007-05-29,2,Low Consumption High Variability,17.689,4.226,5.73373282831138,0.9274780371278682,0.0,1907.0,4332.0,0.0,1.907,4.332,6.239,0.10669907852337612,235.6943472222222,1,0,5,2007
2007-05-30,1,High Consumption High Demand,26.8311,6.124,5.477822377763118,0.8892784301330571,2250.0,5948.0,7804.0,2.25,5.948,7.804,16.002000000000002,0.09134797554579077,234.83139583333335,2,0,5,2007
2007-05-31,2,Low Consumption High Variability,15.6425,4.5,6.904267220712802,1.0044436987357332,935.0,477.0,3552.0,0.935,0.477,3.552,4.964,0.13807042778754464,235.09652777777777,3,0,5,2007
2007-06-01,2,Low Consumption High Variability,17.422833333333333,5.354,7.375149468609202,0.7984834739659301,0.0,483.0,7664.0,0.0,0.483,7.664,8.147,0.13712369782947667,235.32296527777777,4,0,6,2007
2007-06-02,2,Low Consumption High Variability,24.73936666666667,6.602,6.4046910389783624,0.9749911824918086,3971.0,1250.0,7633.0,3.971,1.25,7.633,12.854,0.11190531689709113,234.4690277777778,5,1,6,2007
2007-06-03,1,High Consumption High Demand,35.133766666666666,6.79,4.638272962477693,0.94530551755802,4985.0,7529.0,8334.0,4.985,7.529,8.334,20.848,0.08655396090940055,234.762375,6,1,6,2007
2007-06-04,2,Low Consumption High Variability,15.193633333333334,4.452,7.032419280883001,1.0222455166175604,1585.0,836.0,4533.0,1.585,0.836,4.533,6.954000000000001,0.24483061984296056,234.7480694444444,0,0,6,2007
2007-06-05,2,Low Consumption High Variability,24.314866666666667,5.518,5.446544363804859,0.9136788838448756,4484.0,1027.0,6448.0,4.484,1.027,6.448,11.959,0.17526451581062888,234.6927638888889,1,0,6,2007
2007-06-06,2,Low Consumption High Variability,28.263550000000002,5.326,4.522574128161536,0.7778118083627702,3330.0,829.0,11679.0,3.33,0.829,11.679,15.838000000000001,0.13636586109435417,234.62111458333337,2,0,6,2007
2007-06-07,2,Low Consumption High Variability,16.4167,3.682,5.3828114054590745,0.8339439167682192,985.0,699.0,3959.0,0.985,0.699,3.959,5.643,0.17495802038980632,234.47880555555554,3,0,6,2007
2007-06-08,1,High Consumption High Demand,35.80076666666666,7.614,5.104248233045289,1.018245974233168,2799.0,11440.0,11380.0,2.799,11.44,11.38,25.619,0.10694929251980637,236.19744444444444,4,0,6,2007
2007-06-09,0,Moderate Stable Consumption,18.421,4.548,5.925411215460616,0.7487137144556475,852.0,620.0,6920.0,0.852,0.62,6.92,8.392,0.2109838409062121,240.697375,5,1,6,2007
2007-06-10,2,Low Consumption High Variability,22.346866666666664,5.842,6.274168190618819,1.023839698701211,4202.0,1924.0,5983.0,4.202,1.924,5.983,12.108999999999998,0.17831880979585504,240.84428472222223,6,1,6,2007
2007-06-11,2,Low Consumption High Variability,13.244233333333334,5.044,9.140279920569203,0.9794708968929885,0.0,487.0,5328.0,0.0,0.487,5.328,5.815,0.24492923964392052,240.85674999999998,0,0,6,2007
2007-06-12,2,Low Consumption High Variability,15.312766666666667,6.092,9.54811127098739,1.16345133510865,1882.0,475.0,3898.0,1.882,0.475,3.898,6.255,0.23555072782405967,240.2248958333333,1,0,6,2007
2007-06-13,2,Low Consumption High Variability,15.454533333333334,4.652,7.2242880190494265,0.9966983679221072,957.0,857.0,5216.0,0.957,0.857,5.216,7.03,0.2245942937994461,240.39760416666667,2,0,6,2007
2007-06-14,2,Low Consumption High Variability,20.984733333333335,6.476,7.4065272849150645,1.3045195597063337,3322.0,2147.0,7054.0,3.322,2.147,7.054,12.523,0.18401949353657102,239.84778472222223,3,0,6,2007
2007-06-15,2,Low Consumption High Variability,16.4934,5.376,7.8227654698242945,1.2724782757931243,2269.0,4011.0,4547.0,2.269,4.011,4.547,10.827,0.25440681323034264,240.46438194444445,4,0,6,2007
2007-06-16,1,High Consumption High Demand,33.62936666666666,4.928,3.516926178607784,0.8124656430840255,3289.0,4498.0,11108.0,3.289,4.498,11.108,18.895000000000003,0.15242531081465505,239.50169444444444,5,1,6,2007
2007-06-17,1,High Consumption High Demand,32.451499999999996,6.436,4.759841609786912,0.932308749535299,4124.0,5038.0,8734.0,4.124,5.038,8.734,17.896,0.12316533904442013,240.21918055555554,6,1,6,2007
2007-06-18,2,Low Consumption High Variability,11.3079,4.638,9.843737564003925,1.1415324197809686,0.0,529.0,4241.0,0.0,0.529,4.241,4.77,0.2664951051919454,240.77620138888886,0,0,6,2007
2007-06-19,2,Low Consumption High Variability,14.088433333333334,5.202,8.861737642936404,1.0388968972992805,973.0,537.0,4386.0,0.973,0.537,4.386,5.896,0.22260104624834082,240.26706944444445,1,0,6,2007
2007-06-20,2,Low Consumption High Variability,17.904766666666667,6.496,8.70740193952076,1.266088625968628,1761.0,2588.0,5106.0,1.761,2.588,5.106,9.455,0.21158425223823074,240.15616666666668,2,0,6,2007
2007-06-21,2,Low Consumption High Variability,13.4491,6.522,11.638548304347504,1.306270430256021,932.0,2400.0,3711.0,0.932,2.4,3.711,7.042999999999999,0.2757879709422935,240.57494444444444,3,0,6,2007
2007-06-22,2,Low Consumption High Variability,9.438233333333333,4.22,10.730821799277406,1.0403895612223615,0.0,951.0,3482.0,0.0,0.951,3.482,4.433,0.3682292236894617,240.83563194444443,4,0,6,2007
2007-06-23,3,Very Low Consumption,7.959433333333334,2.926,8.822738637172662,1.0567727027291374,0.0,786.0,2402.0,0.0,0.786,2.402,3.188,0.40438389667606156,240.31896527777778,5,1,6,2007
2007-06-24,3,Very Low Consumption,11.910933333333332,3.34,6.729951193301393,0.917617288396916,0.0,791.0,3449.0,0.0,0.791,3.449,4.24,0.25097669368199527,241.1322152777778,6,1,6,2007
2007-06-25,2,Low Consumption High Variability,17.870033333333332,7.164,9.621470581103187,1.417108952308631,1985.0,3621.0,4816.0,1.985,3.621,4.816,10.422,0.18398585341195037,240.4222638888889,0,0,6,2007
2007-06-26,2,Low Consumption High Variability,15.748466666666667,7.29,11.109653003255342,1.322978949300848,971.0,1334.0,5231.0,0.971,1.334,5.231,7.536,0.19305583189051206,240.09450694444448,1,0,6,2007
2007-06-27,2,Low Consumption High Variability,24.680433333333333,7.436,7.230991352123747,1.3112704207906878,2603.0,6451.0,7270.0,2.603,6.451,7.27,16.323999999999998,0.1397854980936315,239.7584097222222,2,0,6,2007
2007-06-28,2,Low Consumption High Variability,21.590633333333336,6.2,6.891877496259952,0.9771962132343669,0.0,4368.0,9541.0,0.0,4.368,9.541,13.909,0.1678551964663689,239.4236666666667,3,0,6,2007
2007-06-29,2,Low Consumption High Variability,21.741366666666668,5.188,5.72696288641775,1.1138445141794622,4363.0,667.0,6797.0,4.363,0.667,6.797,11.827,0.15813403327911002,240.17944444444447,4,0,6,2007
2007-06-30,2,Low Consumption High Variability,22.255233333333333,6.376,6.875865901203762,1.0353919344501172,3049.0,792.0,8376.0,3.049,0.792,8.376,12.216999999999999,0.14105596136938578,240.01161111111108,5,1,6,2007
2007-07-01,0,Moderate Stable Consumption,17.111066666666666,2.966,4.160114701596627,0.8804782491826061,969.0,736.0,4690.0,0.969,0.736,4.69,6.3950000000000005,0.16796926745264273,240.06715277777778,6,1,7,2007
2007-07-02,2,Low Consumption High Variability,16.1172,6.694,9.96798451343906,1.5414864396457097,1018.0,5281.0,3445.0,1.018,5.281,3.445,9.744,0.18295568295568299,240.6718125,0,0,7,2007
2007-07-03,2,Low Consumption High Variability,17.665200000000002,6.702,9.105359690238435,1.2742120771315888,467.0,3214.0,4695.0,0.467,3.214,4.695,8.376000000000001,0.17014431386756634,240.1869375,1,0,7,2007
2007-07-04,2,Low Consumption High Variability,16.723499999999998,5.346,7.672078213292672,1.2318723085187737,2329.0,2218.0,5632.0,2.329,2.218,5.632,10.179,0.25247306684206855,240.65963194444444,2,0,7,2007
2007-07-05,2,Low Consumption High Variability,17.6215,5.564,7.578015492438215,1.2290479166769623,2922.0,770.0,3973.0,2.922,0.77,3.973,7.665,0.23334752054781568,240.44444444444446,3,0,7,2007
2007-07-06,2,Low Consumption High Variability,17.825400000000002,7.24,9.747887845434043,1.5002264110016001,2826.0,3563.0,4005.0,2.826,3.563,4.005,10.394,0.20509123684928993,240.5994513888889,4,0,7,2007
2007-07-07,2,Low Consumption High Variability,22.636766666666666,6.962,7.381266170227492,0.9510959554632412,997.0,3047.0,10177.0,0.997,3.047,10.177,14.221,0.15759317805988196,239.91013888888887,5,1,7,2007
2007-07-08,2,Low Consumption High Variability,18.151333333333334,6.17,8.158078378080583,1.0710597281941436,1825.0,2831.0,5277.0,1.825,2.831,5.277,9.933,0.180813163403974,240.33889583333334,6,1,7,2007
2007-07-09,2,Low Consumption High Variability,19.6693,5.914,7.21611851972363,0.9758985745991342,923.0,594.0,9386.0,0.923,0.594,9.386,10.902999999999999,0.1461007763367278,240.6176458333333,0,0,7,2007
2007-07-10,2,Low Consumption High Variability,15.138733333333333,6.284,9.96226016267323,1.3724013186116135,67.0,2227.0,4631.0,0.067,2.227,4.631,6.925000000000001,0.1940320854673002,239.98305555555555,1,0,7,2007
2007-07-11,2,Low Consumption High Variability,12.0392,4.166,8.304870755531931,1.2006628101915986,1015.0,647.0,5284.0,1.015,0.647,5.284,6.946,0.2129931113916761,241.0300347222222,2,0,7,2007
2007-07-12,2,Low Consumption High Variability,17.82636666666667,5.822,7.838277009149367,1.311703179169841,1029.0,2550.0,6419.0,1.029,2.55,6.419,9.998,0.1954950625571485,240.76461805555556,3,0,7,2007
2007-07-13,2,Low Consumption High Variability,13.2397,5.456,9.890254310898284,0.9808229235696514,0.0,633.0,4427.0,0.0,0.633,4.427,5.06,0.2601947174029623,240.85480555555554,4,0,7,2007
2007-07-14,2,Low Consumption High Variability,21.4695,4.874,5.448473415775868,1.1189275814513442,3775.0,1968.0,6604.0,3.775,1.968,6.604,12.347000000000001,0.20063345676424693,241.29188194444444,5,1,7,2007
2007-07-16,2,Low Consumption High Variability,14.2279,4.35,7.337695654313005,0.9390113317882962,830.0,695.0,4176.0,0.83,0.695,4.176,5.7010000000000005,0.2740624641256499,236.5072361111111,0,0,7,2007
2007-07-17,2,Low Consumption High Variability,11.993866666666666,3.67,7.343753473997821,1.2226378912066949,848.0,694.0,3335.0,0.848,0.694,3.335,4.877,0.2446917313293461,234.74125694444442,1,0,7,2007
2007-07-18,2,Low Consumption High Variability,12.618033333333333,5.104,9.708010492918866,1.2805044778246961,909.0,671.0,4628.0,0.909,0.671,4.628,6.208,0.20673322044375647,231.08822916666665,2,0,7,2007
2007-07-19,2,Low Consumption High Variability,11.2981,4.222,8.968587638629506,1.1324375304794043,1068.0,703.0,3130.0,1.068,0.703,3.13,4.901,0.2758752946660648,234.26186111111113,3,0,7,2007
2007-07-20,2,Low Consumption High Variability,18.507033333333332,5.686,7.37362912478319,1.0718633829273032,2111.0,2418.0,4765.0,2.111,2.418,4.765,9.294,0.200930817292885,235.56890277777777,4,0,7,2007
2007-07-21,2,Low Consumption High Variability,17.6708,4.724,6.4160083301265365,0.902013786633393,428.0,512.0,7756.0,0.428,0.512,7.756,8.696,0.2227384536448076,234.25662499999999,5,1,7,2007
2007-07-22,2,Low Consumption High Variability,22.955750000000002,6.596,6.89605000925694,1.2782153636799654,7091.0,2136.0,5574.0,7.091,2.136,5.574,14.801,0.15879754164715448,235.9622673611111,6,1,7,2007
2007-07-23,2,Low Consumption High Variability,16.51696666666667,5.518,8.01793711113219,1.1744740085509122,1747.0,1288.0,3847.0,1.747,1.288,3.847,6.882,0.14507304610007085,234.50086805555554,0,0,7,2007
2007-07-24,2,Low Consumption High Variability,13.754733333333332,3.052,5.325294080583169,1.0742366917507595,0.0,1607.0,5599.0,0.0,1.607,5.599,7.206,0.13669233863736602,235.36304166666667,1,0,7,2007
2007-07-25,2,Low Consumption High Variability,7.876,3.946,12.024377856780092,1.1500340355695786,0.0,151.0,2333.0,0.0,0.151,2.333,2.484,0.22903758252920262,235.6410486111111,2,0,7,2007
2007-07-26,2,Low Consumption High Variability,15.408333333333333,5.476,8.529410492157924,1.335606785629969,975.0,3633.0,4346.0,0.975,3.633,4.346,8.954,0.12449107625743645,234.94372222222225,3,0,7,2007
2007-07-27,2,Low Consumption High Variability,20.0419,4.608,5.518039706814224,0.9553129497190676,1837.0,49.0,7157.0,1.837,0.049,7.157,9.043,0.1001701435492643,235.55368055555556,4,0,7,2007
2007-07-28,1,High Consumption High Demand,27.031033333333333,5.802,5.151412388970208,1.0897968994996057,907.0,10265.0,6559.0,0.907,10.265,6.559,17.731,0.11020049794618776,235.5072361111111,5,1,7,2007
2007-07-29,3,Very Low Consumption,5.351933333333333,1.298,5.820700307676977,1.049530236190945,0.0,0.0,1288.0,0.0,0.0,1.288,1.288,0.3692621980841814,235.71203472222223,6,1,7,2007
2007-07-30,2,Low Consumption High Variability,7.780266666666666,4.1,12.64738140937757,1.2159407266428877,0.0,0.0,2528.0,0.0,0.0,2.528,2.528,0.2773940910337263,235.5302291666667,0,0,7,2007
2007-07-31,2,Low Consumption High Variability,13.538866666666667,3.848,6.821250424703201,1.2952541772493227,3277.0,0.0,3575.0,3.277,0.0,3.575,6.852,0.17946603113012907,234.9148125,1,0,7,2007
2007-08-01,2,Low Consumption High Variability,18.06955,3.71,4.92762686397835,0.9817264288113957,1583.0,0.0,9990.5,1.583,0.0,9.9905,11.573500000000001,0.13352204860294437,234.972,2,0,8,2007
2007-08-02,2,Low Consumption High Variability,16.990266666666667,3.596,5.079614210489143,0.9905969965540011,482.0,0.0,6869.0,0.482,0.0,6.869,7.351,0.1421931772701233,234.85659027777777,3,0,8,2007
2007-08-03,2,Low Consumption High Variability,17.722733333333334,4.548,6.158869399377823,0.8846129468917319,958.0,0.0,9139.0,0.958,0.0,9.139,10.097,0.11791634849402462,234.4856041666667,4,0,8,2007
2007-08-04,0,Moderate Stable Consumption,19.083166666666667,3.64,4.577856575166596,0.896615083800991,552.0,398.0,7966.0,0.552,0.398,7.966,8.916,0.1215958217975703,235.25722222222223,5,1,8,2007
2007-08-05,2,Low Consumption High Variability,13.1183,4.294,7.85589596212924,1.1309797945862228,169.0,0.0,6647.0,0.169,0.0,6.647,6.816,0.1921666679371565,235.11527083333334,6,1,8,2007
2007-08-06,2,Low Consumption High Variability,18.162,5.146,6.800132144037,1.1232133952674417,1096.0,0.0,7985.0,1.096,0.0,7.985,9.081,0.14171897368131262,234.70274305555557,0,0,8,2007
2007-08-07,0,Moderate Stable Consumption,24.726333333333333,4.778,4.637646773345556,0.7879186811476397,437.0,2168.0,9042.0,0.437,2.168,9.042,11.647,0.08842259938796694,234.55388194444447,1,0,8,2007
2007-08-08,2,Low Consumption High Variability,18.758033333333334,5.702,7.295434311699343,1.111204590582535,1055.0,1111.0,9660.0,1.055,1.111,9.66,11.826,0.10581777407368577,234.512375,2,0,8,2007
2007-08-09,2,Low Consumption High Variability,17.861333333333334,6.332,8.508211406389966,1.3428299241947803,182.0,4515.0,6646.0,0.182,4.515,6.646,11.343,0.1021517617199164,234.21438888888886,3,0,8,2007
2007-08-10,2,Low Consumption High Variability,17.1335,5.572,7.805060262059708,1.212988924974469,336.0,2651.0,8287.0,0.336,2.651,8.287,11.274000000000001,0.11445024853843835,234.48881250000002,4,0,8,2007
2007-08-11,2,Low Consumption High Variability,18.194166666666668,5.602,7.389621215591077,1.0417378848587817,1180.0,910.0,10339.0,1.18,0.91,10.339,12.429,0.10605047405303897,234.98018055555556,5,1,8,2007
2007-08-12,2,Low Consumption High Variability,20.6984,7.548,8.751980829436091,1.366615592706499,1123.0,1156.0,8582.0,1.123,1.156,8.582,10.861,0.1028871796853863,235.6648541666667,6,1,8,2007
2007-08-13,0,Moderate Stable Consumption,19.216866666666665,3.36,4.196313655018335,0.8193668483468558,93.0,476.0,11101.0,0.093,0.476,11.101,11.670000000000002,0.11356343212386341,235.21656944444445,0,0,8,2007
2007-08-14,2,Low Consumption High Variability,15.686499999999999,5.534,8.466898288337106,1.2385688424158228,951.0,685.0,6256.0,0.951,0.685,6.256,7.892,0.14025860878249874,237.07638888888889,1,0,8,2007
2007-08-15,2,Low Consumption High Variability,19.86433333333333,6.508,7.862936922121726,1.0711447993097742,338.0,508.0,9787.0,0.338,0.508,9.787,10.633000000000001,0.13404594499353953,239.99340972222222,2,0,8,2007
2007-08-16,2,Low Consumption High Variability,15.974933333333333,4.146,6.228758388141421,1.1818170125148904,962.0,0.0,7476.0,0.962,0.0,7.476,8.438,0.13722748973391646,239.73765972222222,3,0,8,2007
2007-08-17,2,Low Consumption High Variability,16.831533333333333,5.142,7.331952327575624,1.3128075999305195,244.0,0.0,7769.0,0.244,0.0,7.769,8.013,0.1261402209345158,240.4940486111111,4,0,8,2007
2007-08-18,3,Very Low Consumption,5.799333333333333,1.384,5.7275548913668235,1.164629813449337,0.0,0.0,1830.0,0.0,0.0,1.83,1.83,0.3426830670191976,241.27963194444445,5,1,8,2007
2007-08-19,2,Low Consumption High Variability,23.704900000000002,6.63,6.712536226687309,1.3637459400539307,1025.0,8912.0,5989.0,1.025,8.912,5.989,15.926000000000002,0.11250697816344582,239.9536666666667,6,1,8,2007
2007-08-20,1,High Consumption High Demand,22.314033333333334,5.084,5.468128427402187,0.9724844318644287,1032.0,6965.0,7383.0,1.032,6.965,7.383,15.379999999999999,0.11642897369517836,241.30069444444445,0,0,8,2007
2007-08-21,2,Low Consumption High Variability,10.709266666666668,4.96,11.11560704436656,1.2417366347496053,0.0,38.0,3296.0,0.0,0.038,3.296,3.3339999999999996,0.2448160160359564,240.57305555555556,1,0,8,2007
2007-08-22,2,Low Consumption High Variability,20.163466666666668,5.332,6.346527713488421,1.2826308118932266,3048.0,1836.0,7241.0,3.048,1.836,7.241,12.125,0.12753098012246572,240.81731944444445,2,0,8,2007
2007-08-23,2,Low Consumption High Variability,18.53853333333333,5.17,6.693086112529579,1.098844058024145,2502.0,259.0,5342.0,2.502,0.259,5.342,8.103,0.14200512086536873,240.64730555555556,3,0,8,2007
2007-08-24,2,Low Consumption High Variability,27.608566666666665,8.694,7.557654206363485,1.022935244262692,1891.0,3783.5,9944.0,1.891,3.7835,9.944,15.618500000000001,0.1586651244722351,240.49481944444443,4,0,8,2007
2007-08-25,2,Low Consumption High Variability,19.181333333333335,6.796,8.50326706520228,1.3175049357789361,4149.0,2191.0,5678.0,4.149,2.191,5.678,12.018,0.2368170443486723,239.8598263888889,5,1,8,2007
2007-08-26,2,Low Consumption High Variability,21.9151,8.166,8.94287500399268,1.244369309244143,1541.0,3645.0,5658.0,1.541,3.645,5.658,10.844000000000001,0.22768775866868046,239.95091666666667,6,1,8,2007
2007-08-27,2,Low Consumption High Variability,20.1955,5.194,6.172464162808547,1.1375680632974376,2305.0,1229.0,6344.0,2.305,1.229,6.344,9.878,0.24682396243387553,239.92358333333334,0,0,8,2007
2007-08-28,2,Low Consumption High Variability,16.616733333333332,4.104,5.9275188464640065,1.1060899055235418,1038.0,2468.0,5483.0,1.038,2.468,5.483,8.989,0.1816582481113416,239.54987500000001,1,0,8,2007
2007-08-29,2,Low Consumption High Variability,12.466533333333333,4.292,8.262762168579343,1.2427312913809128,957.0,562.0,4932.0,0.957,0.562,4.932,6.4510000000000005,0.23452924630209948,240.74499305555554,2,0,8,2007
2007-08-30,2,Low Consumption High Variability,20.04096666666667,5.018,6.009290968998501,1.2791609129216477,3822.0,2580.0,4221.0,3.822,2.58,4.221,10.623000000000001,0.15888122495754528,240.57317361111112,3,0,8,2007
2007-08-31,2,Low Consumption High Variability,21.330366666666666,5.164,5.810307995955688,0.9477486984047335,1200.0,666.0,8738.0,1.2,0.666,8.738,10.604,0.14631409680408683,239.98570138888888,4,0,8,2007
2007-09-01,0,Moderate Stable Consumption,28.3581,4.934,4.175738148888677,0.8344600462881977,2497.0,569.0,9733.0,2.497,0.569,9.733,12.799,0.17034874221709728,239.35574305555556,5,1,9,2007
2007-09-02,1,High Consumption High Demand,27.707800000000002,5.306,4.595962147842846,0.9193773981838858,3613.0,1617.0,8806.0,3.613,1.617,8.806,14.036,0.13930974911998306,240.04533333333336,6,1,9,2007
2007-09-03,2,Low Consumption High Variability,17.315366666666666,5.002,6.933032508696514,1.1681366677262266,621.0,2515.0,5323.0,0.621,2.515,5.323,8.459,0.1813629897143385,239.62034722222222,0,0,9,2007
2007-09-04,1,High Consumption High Demand,26.415733333333332,5.868,5.331368174522255,0.9721732164509834,2928.0,3501.0,9821.0,2.928,3.501,9.821,16.25,0.11333271080870998,239.65966666666665,1,0,9,2007
2007-09-05,2,Low Consumption High Variability,20.60953333333333,7.98,9.292786833277805,1.2375368618044784,0.0,4144.0,6705.0,0.0,4.144,6.705,10.849,0.1203844175672747,239.1481597222222,2,0,9,2007
2007-09-06,2,Low Consumption High Variability,15.024566666666667,5.748,9.181762313721748,1.324292924024121,0.0,3888.0,3461.0,0.0,3.888,3.461,7.349,0.190827467015133,239.3400486111111,3,0,9,2007
2007-09-07,2,Low Consumption High Variability,22.274933333333333,5.656,6.094024972764601,1.0562965001739366,3632.0,551.0,9388.0,3.632,0.551,9.388,13.571,0.13598095317905926,239.0317013888889,4,0,9,2007
2007-09-08,2,Low Consumption High Variability,24.495866666666664,5.896,5.776648033137564,1.0105605364943244,3339.0,1801.0,9164.0,3.339,1.801,9.164,14.303999999999998,0.12677649018337792,239.73044444444446,5,1,9,2007
2007-09-09,1,High Consumption High Demand,27.991699999999998,5.69,4.878589010313772,0.9875857275274721,2184.0,4438.0,9233.0,2.184,4.438,9.233,15.855,0.12453215298344389,238.92214583333333,6,1,9,2007
2007-09-10,2,Low Consumption High Variability,18.622933333333332,6.106,7.869007388739332,1.359365724864781,935.0,595.0,5613.0,0.935,0.595,5.613,7.143000000000001,0.15885252591786472,239.3886597222222,0,0,9,2007
2007-09-11,2,Low Consumption High Variability,16.392866666666666,4.736,6.9337476056658796,1.2672794865182664,943.0,550.0,5792.0,0.943,0.55,5.792,7.285,0.15429882103191228,240.07199305555554,1,0,9,2007
2007-09-12,2,Low Consumption High Variability,21.462733333333333,6.18,6.910582995020826,1.142076526706801,0.0,3217.0,7755.0,0.0,3.217,7.755,10.972,0.13340487853364438,240.01505555555556,2,0,9,2007
2007-09-13,2,Low Consumption High Variability,19.106366666666666,6.752,8.481361361221651,1.2236276177086596,1175.0,2523.0,3853.0,1.175,2.523,3.853,7.551,0.14476675314162293,239.3098333333333,3,0,9,2007
2007-09-14,2,Low Consumption High Variability,18.924500000000002,5.246,6.652963090174113,0.9954187148962296,901.0,676.0,5804.0,0.901,0.676,5.804,7.381,0.16127770879019263,239.30189583333333,4,0,9,2007
2007-09-15,2,Low Consumption High Variability,18.2552,5.452,7.167711117928043,0.9678866673001044,0.0,1449.0,6464.0,0.0,1.449,6.464,7.913,0.16841411396935305,240.00197222222224,5,1,9,2007
2007-09-16,2,Low Consumption High Variability,27.537066666666664,6.04,5.264177254415866,1.0498143939792977,3118.0,3064.0,9310.0,3.118,3.064,9.31,15.492,0.11642004958165478,239.56046527777778,6,1,9,2007
2007-09-17,2,Low Consumption High Variability,24.353099999999998,8.11,7.992411643692179,1.4515109233318617,6651.0,926.0,6279.0,6.651,0.926,6.279,13.856,0.1384587588438433,239.21479861111112,0,0,9,2007
2007-09-18,2,Low Consumption High Variability,19.458666666666666,5.242,6.465396738385637,1.1969003564183898,1888.0,2029.0,5425.0,1.888,2.029,5.425,9.341999999999999,0.126020967520899,238.26067361111112,1,0,9,2007
2007-09-19,2,Low Consumption High Variability,21.64473333333333,5.992,6.6440180983210695,1.0680922907861363,0.0,2743.0,7937.0,0.0,2.743,7.937,10.68,0.11688293688071925,240.30520833333333,2,0,9,2007
2007-09-20,2,Low Consumption High Variability,20.92553333333333,6.148,7.051289811808858,1.094361453310775,1056.0,489.0,9996.0,1.056,0.489,9.996,11.541,0.10585791521044464,239.71498611111113,3,0,9,2007
2007-09-21,2,Low Consumption High Variability,20.646333333333335,6.406,7.446552253023136,1.3135438088049234,3130.0,2745.0,6316.0,3.13,2.745,6.316,12.190999999999999,0.12337461050388286,239.38146527777778,4,0,9,2007
2007-09-22,2,Low Consumption High Variability,19.602866666666667,5.804,7.105899477287336,0.9652628003923368,944.0,1311.0,7688.0,0.944,1.311,7.688,9.943,0.15595678183122874,239.48303472222221,5,1,9,2007
2007-09-23,2,Low Consumption High Variability,23.632833333333334,5.098,5.177204031114903,1.0765475158706845,2831.0,1929.0,7382.0,2.831,1.929,7.382,12.142,0.1713534136829411,239.50043055555554,6,1,9,2007
2007-09-24,2,Low Consumption High Variability,22.575499999999998,6.81,7.2397067617549995,1.249704451483504,929.0,3935.0,7955.0,0.929,3.935,7.955,12.818999999999999,0.14589857736631895,238.60060416666667,0,0,9,2007
2007-09-25,1,High Consumption High Demand,29.405700000000003,5.85,4.7745845193278855,0.8852437311035168,916.0,2253.0,9820.0,0.916,2.253,9.82,12.989,0.07372606898209078,238.0996111111111,1,0,9,2007
2007-09-26,1,High Consumption High Demand,30.525,7.03,5.527272727272727,0.9831474694528719,1058.0,9452.0,5695.0,1.058,9.452,5.695,16.205,0.09249030849030848,239.41785416666667,2,0,9,2007
2007-09-27,2,Low Consumption High Variability,23.209999999999997,5.786,5.982938388625592,1.0471880012698023,1066.0,643.0,7324.0,1.066,0.643,7.324,9.033,0.10822203073387908,239.56705555555556,3,0,9,2007
2007-09-28,2,Low Consumption High Variability,28.008300000000002,7.244,6.207302835230985,0.977845236575388,996.0,3722.0,9952.0,0.996,3.722,9.952,14.67,0.1325309521344268,239.46243055555558,4,0,9,2007
2007-09-29,1,High Consumption High Demand,38.27536666666666,7.592,4.76045080343232,0.8929809350613015,4085.0,7457.0,8190.0,4.085,7.457,8.19,19.732,0.07930339879173813,239.1401111111111,5,1,9,2007
2007-09-30,0,Moderate Stable Consumption,25.2715,4.17,3.960192311497141,0.8666194059864121,1405.0,582.0,10225.0,1.405,0.582,10.225,12.212,0.1078870136979074,240.0647847222222,6,1,9,2007
2007-10-01,1,High Consumption High Demand,28.682033333333333,7.624,6.379464031490096,0.972976480897134,1507.0,6622.0,5960.0,1.507,6.622,5.96,14.088999999999999,0.08526475923952394,239.23991666666666,0,0,10,2007
2007-10-02,1,High Consumption High Demand,36.647733333333335,6.034,3.951567718603788,0.6973737410639727,508.0,8022.0,12815.0,0.508,8.022,12.815,21.345,0.07359618421148374,238.49379166666665,1,0,10,2007
2007-10-03,1,High Consumption High Demand,21.340899999999998,5.604,6.302264665501455,1.062041697535292,979.0,5024.0,3692.0,0.979,5.024,3.692,9.695,0.12318911885940455,239.26106944444444,2,0,10,2007
2007-10-04,2,Low Consumption High Variability,25.307633333333335,6.446,6.112938257100295,0.9697829928180284,2400.0,444.0,9710.0,2.4,0.444,9.71,12.554,0.09117670689607484,239.2050763888889,3,0,10,2007
2007-10-05,0,Moderate Stable Consumption,23.23486666666667,5.038,5.203903329192047,0.7703373106393222,0.0,351.0,9425.0,0.0,0.351,9.425,9.776,0.1080531270533078,238.8271111111111,4,0,10,2007
2007-10-06,2,Low Consumption High Variability,29.270666666666667,6.252,5.126224206258825,0.8481792627555688,4840.0,347.0,9666.0,4.84,0.347,9.666,14.853,0.10601740081082311,238.38071527777777,5,1,10,2007
2007-10-07,1,High Consumption High Demand,35.1019,6.16,4.211737826157559,0.9239257450085823,2498.0,8255.0,10886.0,2.498,8.255,10.886,21.639,0.07273015610740918,238.8262777777778,6,1,10,2007
2007-10-08,2,Low Consumption High Variability,18.254033333333332,5.372,7.062986992828982,0.9734912788360783,0.0,420.0,5082.0,0.0,0.42,5.082,5.502,0.11129595103182677,239.09654861111113,0,0,10,2007
2007-10-09,2,Low Consumption High Variability,28.130966666666666,6.796,5.798023293428713,1.0358039328226032,2034.0,2147.0,9290.0,2.034,2.147,9.29,13.470999999999998,0.09467739584728099,238.87914583333333,1,0,10,2007
2007-10-10,2,Low Consumption High Variability,19.44953333333333,6.722,8.294697730536809,1.2696693709342313,1863.0,2117.0,3345.0,1.863,2.117,3.345,7.325,0.11375765656759546,239.4211597222222,2,0,10,2007
2007-10-11,2,Low Consumption High Variability,28.8741,6.426,5.341257389840723,1.0302713673564132,2630.0,414.0,7806.0,2.63,0.414,7.806,10.85,0.08837678057497897,238.4441527777778,3,0,10,2007
2007-10-12,1,High Consumption High Demand,31.908399999999997,5.688,4.2782464805505755,0.9080372198133948,1020.0,5028.0,11659.0,1.02,5.028,11.659,17.707,0.07207297555920489,238.48131250000003,4,0,10,2007
2007-10-13,1,High Consumption High Demand,32.11213333333333,9.036,6.753335187945573,1.097007590503147,969.0,3799.0,8463.0,0.969,3.799,8.463,13.230999999999998,0.06498270643287479,238.76540972222222,5,1,10,2007
2007-10-14,1,High Consumption High Demand,34.3542,7.884,5.507798173149135,0.913909953164529,2930.0,7494.0,7126.0,2.93,7.494,7.126,17.55,0.07279556308496002,239.1010347222222,6,1,10,2007
2007-10-15,0,Moderate Stable Consumption,21.1055,4.846,5.510601501978158,0.9795364526659501,1061.0,339.0,7654.0,1.061,0.339,7.654,9.054,0.09332638411788396,239.29270833333334,0,0,10,2007
2007-10-16,1,High Consumption High Demand,32.7407,7.152,5.242649057594981,0.9020928825928787,0.0,7871.0,9876.0,0.0,7.871,9.876,17.747,0.09438507219861925,238.86261805555554,1,0,10,2007
2007-10-17,0,Moderate Stable Consumption,26.28216666666667,6.9,6.300850386510499,0.9176280381918475,1065.0,453.0,8968.0,1.065,0.453,8.968,10.486,0.08649718123188728,239.19213194444444,2,0,10,2007
2007-10-18,0,Moderate Stable Consumption,25.308833333333332,5.78,5.481090264927266,0.9316811485681401,1162.0,317.0,9864.0,1.162,0.317,9.864,11.343,0.080670121762494,239.80028472222222,3,0,10,2007
2007-10-19,1,High Consumption High Demand,34.7608,6.192,4.275160525649582,0.7953775642522407,1299.0,3124.0,11648.0,1.299,3.124,11.648,16.070999999999998,0.05824472777764991,239.65217361111112,4,0,10,2007
2007-10-20,0,Moderate Stable Consumption,27.67076666666667,5.57,4.831091296109131,0.7683760138556534,2363.0,296.0,13225.0,2.363,0.296,13.225,15.884,0.0840501949711067,241.82481944444444,5,1,10,2007
2007-10-21,1,High Consumption High Demand,32.36566666666667,7.44,5.516957269534589,1.0293892842395005,3712.0,4357.0,7313.0,3.712,4.357,7.313,15.382000000000001,0.07931655972893085,241.49074305555555,6,1,10,2007
2007-10-22,0,Moderate Stable Consumption,27.548266666666667,5.326,4.6400015487967785,0.598463862140746,0.0,299.0,13027.0,0.0,0.299,13.027,13.325999999999999,0.0704279035099607,240.54540277777778,0,0,10,2007
2007-10-23,1,High Consumption High Demand,32.66153333333333,8.498,6.244409835831345,0.9779300043268695,1067.0,5214.0,10680.0,1.067,5.214,10.68,16.961,0.06533985952894637,241.23120833333334,1,0,10,2007
2007-10-24,1,High Consumption High Demand,31.093933333333332,5.826,4.496825747359077,0.9942372803994258,4459.0,364.0,9115.0,4.459,0.364,9.115,13.937999999999999,0.07867665503881786,240.80827083333332,2,0,10,2007
2007-10-25,1,High Consumption High Demand,30.898633333333333,6.544,5.082943258547574,1.019967989416703,1478.0,2433.0,7385.0,1.478,2.433,7.385,11.296,0.0713084397476048,240.47263194444446,3,0,10,2007
2007-10-26,0,Moderate Stable Consumption,23.959466666666668,5.802,5.811815510640192,0.8017683878700802,0.0,348.0,5766.0,0.0,0.348,5.766,6.114,0.0762927388478319,240.68085416666665,4,0,10,2007
2007-10-27,1,High Consumption High Demand,29.761466666666667,6.678,5.385218470415884,1.1075980592657506,1374.0,4856.0,8949.0,1.374,4.856,8.949,15.179,0.061145060055284015,240.20120833333334,5,1,10,2007
2007-10-28,3,Very Low Consumption,8.535966666666667,1.516,4.262434639310525,0.8304097720745071,0.0,283.0,1765.0,0.0,0.283,1.765,2.048,0.18021391836113076,240.86605555555556,6,1,10,2007
2007-10-29,3,Very Low Consumption,9.090466666666666,1.606,4.240046348922315,0.886151473777009,0.0,269.0,2749.0,0.0,0.269,2.749,3.0180000000000002,0.15950409586599884,241.19330555555555,0,0,10,2007
2007-10-30,2,Low Consumption High Variability,13.5168,7.922,14.066051136363635,1.4723088455092748,0.0,1935.0,4256.0,0.0,1.935,4.256,6.191000000000001,0.11077572601010101,240.62592361111112,1,0,10,2007
2007-10-31,2,Low Consumption High Variability,21.386833333333335,6.206,6.964284879326065,1.1392588197929974,0.0,4700.0,8915.0,0.0,4.7,8.915,13.614999999999998,0.08354049609962516,240.33897916666666,2,0,10,2007
2007-11-01,3,Very Low Consumption,8.270266666666666,1.444,4.190433198445838,0.8443777143564919,0.0,293.0,1991.0,0.0,0.293,1.991,2.2840000000000003,0.17138907250068522,240.93840277777778,3,0,11,2007
2007-11-02,2,Low Consumption High Variability,24.060033333333333,5.582,5.56807208635067,0.9530102041634564,1346.0,2115.0,12245.0,1.346,2.115,12.245,15.706,0.06467295002362147,239.3489861111111,4,0,11,2007
2007-11-03,3,Very Low Consumption,8.209166666666667,1.504,4.397035833925489,0.8381034157298161,0.0,282.0,1936.0,0.0,0.282,1.936,2.218,0.17891381585625823,240.19050694444445,5,1,11,2007
2007-11-04,2,Low Consumption High Variability,24.761433333333333,5.506,5.336686217679914,1.2546101475434734,0.0,4387.0,7068.0,0.0,4.387,7.068,11.454999999999998,0.09342620176807212,240.20552083333334,6,1,11,2007
2007-11-05,0,Moderate Stable Consumption,25.009866666666667,3.844,3.6887841598515783,0.7492471863255671,1265.0,397.0,6583.0,1.265,0.397,6.583,8.245000000000001,0.08753212065638093,239.65911111111112,0,0,11,2007
2007-11-06,1,High Consumption High Demand,34.706300000000006,5.844,4.041225944569142,0.7518645033903686,1105.0,5515.0,10690.0,1.105,5.515,10.69,17.31,0.09629663778622326,238.70195833333335,1,0,11,2007
2007-11-07,2,Low Consumption High Variability,30.745966666666668,6.456,5.039490274605124,1.006070397898845,5042.0,301.0,6374.0,5.042,0.301,6.374,11.716999999999999,0.10490264847746966,239.5649097222222,2,0,11,2007
2007-11-08,2,Low Consumption High Variability,25.017666666666667,6.46,6.197220630754267,1.0135735133735004,1715.0,314.0,6500.0,1.715,0.314,6.5,8.529,0.08973525375401382,240.75264583333333,3,0,11,2007
2007-11-09,1,High Consumption High Demand,36.1871,7.046,4.673046472361698,0.7418781107496133,0.0,4573.0,15375.0,0.0,4.573,15.375,19.948,0.05215578663851667,238.71543749999998,4,0,11,2007
2007-11-10,0,Moderate Stable Consumption,43.526666666666664,6.622,3.6512789094807783,0.7826448150091924,3697.0,304.0,13767.0,3.697,0.304,13.767,17.768,0.09099862153469138,239.11040972222222,5,1,11,2007
2007-11-11,2,Low Consumption High Variability,31.452066666666667,9.326,7.116352714501009,0.9113714727452351,3445.0,320.0,6024.0,3.445,0.32,6.024,9.789,0.09835601688071373,240.26026388888891,6,1,11,2007
2007-11-12,1,High Consumption High Demand,35.93576666666667,8.026,5.360230707939072,0.8446635468612059,1018.0,4165.0,13281.0,1.018,4.165,13.281,18.464,0.06375635045122174,239.82559027777776,0,0,11,2007
2007-11-13,1,High Consumption High Demand,36.90663333333334,8.848,5.753762422112015,0.9582578764347054,978.0,4933.0,11076.0,0.978,4.933,11.076,16.987000000000002,0.06365251413702505,241.12297916666668,1,0,11,2007
2007-11-14,0,Moderate Stable Consumption,34.13323333333333,4.604,3.2371969839755392,0.6186340723876904,1055.0,295.0,16345.0,1.055,0.295,16.345,17.695,0.0691359447342131,239.9460277777778,2,0,11,2007
2007-11-15,0,Moderate Stable Consumption,24.866466666666668,4.874,4.7041665214465525,0.9702367423856728,1606.0,571.0,7503.0,1.606,0.571,7.503,9.68,0.0891870443998209,239.98499305555558,3,0,11,2007
2007-11-16,1,High Consumption High Demand,38.4959,6.606,4.118464563758738,0.7778115279724934,1991.0,4660.0,13564.0,1.991,4.66,13.564,20.215,0.053675845999184325,240.9835138888889,4,0,11,2007
2007-11-17,1,High Consumption High Demand,43.50156666666667,6.498,3.5849743342576934,0.7953844473863022,2588.0,2199.0,14990.0,2.588,2.199,14.99,19.777,0.0643769917865027,240.6034236111111,5,1,11,2007
2007-11-18,1,High Consumption High Demand,36.39763333333334,6.41,4.226648435933106,0.9379891932582537,5201.0,2097.0,7066.0,5.201,2.097,7.066,14.364,0.0740716658317528,242.26045833333333,6,1,11,2007
2007-11-19,0,Moderate Stable Consumption,28.727566666666668,6.078,5.077770828716204,0.9346616499853517,1089.0,253.0,10750.0,1.089,0.253,10.75,12.092,0.0649956429770708,242.76635416666664,0,0,11,2007
2007-11-20,1,High Consumption High Demand,34.930933333333336,6.26,4.301058851371468,0.817978556428847,1015.0,3954.0,11026.0,1.015,3.954,11.026,15.995000000000001,0.059561343909123515,241.33882638888886,1,0,11,2007
2007-11-21,0,Moderate Stable Consumption,29.250999999999998,5.954,4.885166319100201,0.8639422993771907,1140.5,549.0,9470.5,1.1405,0.549,9.4705,11.16,0.07498205189566169,241.4952048611111,2,0,11,2007
2007-11-22,1,High Consumption High Demand,32.2063,7.96,5.931758693174938,0.9721418533974959,2867.0,297.0,9001.0,2.867,0.297,9.001,12.165,0.07405797416447507,241.5650486111111,3,0,11,2007
2007-11-23,1,High Consumption High Demand,42.04363333333333,7.308,4.171666102438023,0.8218197493552203,2168.0,6181.0,13685.0,2.168,6.181,13.685,22.034,0.055066601443421084,240.72236805555556,4,0,11,2007
2007-11-24,1,High Consumption High Demand,31.6509,6.068,4.601196174516364,0.835735206877493,1573.0,4131.0,13451.0,1.573,4.131,13.451,19.155,0.07925630340158837,241.80274305555557,5,1,11,2007
2007-11-25,2,Low Consumption High Variability,23.259966666666667,6.456,6.661402495561044,1.1458929493176406,3556.0,279.0,5678.0,3.556,0.279,5.678,9.513,0.08797375748603824,242.66115972222224,6,1,11,2007
2007-11-26,0,Moderate Stable Consumption,26.16193333333333,6.34,5.816083928557777,0.9290492173317413,1088.0,288.0,8926.0,1.088,0.288,8.926,10.302,0.0745676287939984,241.11649305555557,0,0,11,2007
2007-11-27,1,High Consumption High Demand,46.68353333333334,7.212,3.7076885068682315,0.738523578891198,1063.0,11020.0,15111.0,1.063,11.02,15.111,27.194000000000003,0.04997979301766647,241.32109722222222,1,0,11,2007
2007-11-28,0,Moderate Stable Consumption,27.415666666666667,5.75,5.033618247474072,0.8845286020483757,1182.0,769.0,7810.0,1.182,0.769,7.81,9.761,0.07018006735807994,242.89480555555556,2,0,11,2007
2007-11-29,0,Moderate Stable Consumption,28.657633333333333,5.144,4.307962160169076,0.8704720151414647,2031.0,283.0,8818.0,2.031,0.283,8.818,11.132,0.0690391972354079,242.73200347222223,3,0,11,2007
2007-11-30,1,High Consumption High Demand,38.86213333333333,7.446,4.598409419966651,0.7815252358535486,0.0,7941.0,13601.0,0.0,7.941,13.601,21.542,0.06316345645804312,243.48774999999998,4,0,11,2007
2007-12-01,1,High Consumption High Demand,52.24903333333334,7.738,3.5543624092566946,0.7360866359589257,9356.0,353.0,17847.0,9.356,0.353,17.847,27.556,0.09215226310407018,240.2660833333333,5,1,12,2007
2007-12-02,1,High Consumption High Demand,49.10313333333333,8.594,4.200465143432801,0.6942956242077212,2090.0,6915.0,10636.0,2.09,6.915,10.636,19.641,0.11033986968923909,240.73000694444445,6,1,12,2007
2007-12-03,0,Moderate Stable Consumption,29.367666666666665,6.33,5.173036105467465,0.7911699712687427,1141.0,299.0,10428.0,1.141,0.299,10.428,11.868,0.07486351202569719,241.07959027777775,0,0,12,2007
2007-12-04,1,High Consumption High Demand,34.4606,7.448,5.187141256971731,1.0270832764455566,1012.0,5828.0,8561.0,1.012,5.828,8.561,15.401,0.07013613614775521,241.53597916666666,1,0,12,2007
2007-12-05,1,High Consumption High Demand,35.88533333333333,7.604,5.085531693542395,0.8301161002383385,3422.0,295.0,10919.0,3.422,0.295,10.919,14.636000000000001,0.08285557702311065,241.22788194444445,2,0,12,2007
2007-12-06,1,High Consumption High Demand,41.46556666666667,6.838,3.957789877062655,0.7487353287961107,4751.0,318.0,11908.0,4.751,0.318,11.908,16.977,0.06508854334560321,239.7100972222222,3,0,12,2007
2007-12-07,1,High Consumption High Demand,29.483600000000003,7.154,5.823440828121396,0.8505379772445039,459.0,3710.0,10263.0,0.459,3.71,10.263,14.431999999999999,0.0834588268280219,240.6710486111111,4,0,12,2007
2007-12-08,1,High Consumption High Demand,36.89006666666667,6.222,4.0479189519852685,0.915272583521538,1133.0,2354.0,12283.0,1.133,2.354,12.283,15.77,0.06972970140109984,239.55993055555555,5,1,12,2007
2007-12-09,1,High Consumption High Demand,37.90973333333333,8.054,5.09884884444804,1.0518811923645286,4176.0,2428.0,8728.0,4.176,2.428,8.728,15.332,0.08833967002317789,239.9150763888889,6,1,12,2007
2007-12-10,0,Moderate Stable Consumption,29.312566666666665,7.312,5.986783825367278,0.93020430800096,1102.0,278.0,8281.0,1.102,0.278,8.281,9.661000000000001,0.0710798667693151,241.90383333333335,0,0,12,2007
2007-12-11,1,High Consumption High Demand,38.4184,6.56,4.0980363575786605,0.7318756653350764,1050.0,3817.0,12740.0,1.05,3.817,12.74,17.607,0.05800085375757451,241.4602361111111,1,0,12,2007
2007-12-12,0,Moderate Stable Consumption,26.467699999999997,5.256,4.765960019193205,0.8542832316167548,1152.0,254.0,7759.0,1.152,0.254,7.759,9.165000000000001,0.07360291978524768,242.47632638888888,2,0,12,2007
2007-12-13,0,Moderate Stable Consumption,30.79576666666667,6.1,4.753900157272698,0.8973163166562889,1103.0,1448.0,8911.0,1.103,1.448,8.911,11.462,0.06033837984225104,241.82734027777778,3,0,12,2007
2007-12-14,1,High Consumption High Demand,32.913466666666665,9.224,6.726000704878652,0.8828821086607314,980.0,3849.0,12941.0,0.98,3.849,12.941,17.770000000000003,0.09092023123260591,241.9859236111111,4,0,12,2007
2007-12-15,1,High Consumption High Demand,45.6146,8.784,4.621678146909104,0.7615221877808357,1706.0,3687.0,14313.0,1.706,3.687,14.313,19.706,0.057593402112481526,241.28064583333332,5,1,12,2007
2007-12-16,1,High Consumption High Demand,46.036966666666665,7.908,4.122600026500443,0.6958398358712039,3410.0,2281.0,12929.0,3.41,2.281,12.929,18.62,0.04595509840280529,242.6849861111111,6,1,12,2007
2007-12-17,0,Moderate Stable Consumption,29.974933333333336,6.796,5.44134654733733,1.0029884783101506,1636.0,243.0,10567.0,1.636,0.243,10.567,12.446,0.05850221518424283,242.62617708333335,0,0,12,2007
2007-12-18,1,High Consumption High Demand,43.7199,7.226,3.9667062367480255,0.7866224379628362,1123.0,5810.0,11093.0,1.123,5.81,11.093,18.026,0.05492540772813601,242.93998611111112,1,0,12,2007
2007-12-19,0,Moderate Stable Consumption,36.60086666666667,5.892,3.8635150715921114,0.766581976457719,1233.0,2658.0,11679.0,1.233,2.658,11.679,15.57,0.049787527799888154,242.70109722222224,2,0,12,2007
2007-12-20,0,Moderate Stable Consumption,32.49596666666667,5.552,4.1004473375670205,0.7099640265208865,1859.0,276.0,13592.0,1.859,0.276,13.592,15.727,0.06125580713093625,243.16793750000002,3,0,12,2007
2007-12-21,0,Moderate Stable Consumption,33.04293333333333,6.486,4.71096190007344,0.7459873013577984,1191.0,200.0,12251.0,1.191,0.2,12.251,13.642,0.053702859310311435,242.88163194444445,4,0,12,2007
2007-12-22,1,High Consumption High Demand,43.52106666666667,8.526,4.701722996985368,0.8416502430730989,3819.0,4550.0,12673.0,3.819,4.55,12.673,21.042,0.054117086591014926,242.14553472222224,5,1,12,2007
2007-12-23,1,High Consumption High Demand,40.1508,9.686,5.789772557458382,0.8584989388532273,1971.0,3091.0,11962.0,1.971,3.091,11.962,17.024,0.0731708127027772,242.5579375,6,1,12,2007
2007-12-24,1,High Consumption High Demand,37.6308,6.382,4.070282853407315,0.7959441893537502,2985.0,2316.0,14350.0,2.985,2.316,14.35,19.651,0.0663259882861911,242.6504236111111,0,0,12,2007
2007-12-25,1,High Consumption High Demand,44.91613333333333,6.756,3.6099278358778286,0.7805328906037413,4588.0,3368.0,9084.0,4.588,3.368,9.084,17.04,0.05633165217546183,242.98086805555556,1,0,12,2007
2007-12-26,1,High Consumption High Demand,43.00466666666667,6.394,3.568356922504534,0.621680530333382,1109.0,2773.0,9480.0,1.109,2.773,9.48,13.362,0.05437936968080983,242.39239583333332,2,0,12,2007
2007-12-27,1,High Consumption High Demand,42.2033,7.924,4.506187904737308,0.814811039073067,4122.0,1490.0,7960.0,4.122,1.49,7.96,13.572,0.07526346675891854,242.1116111111111,3,0,12,2007
2007-12-28,1,High Consumption High Demand,51.8842,9.59,4.436032549408105,0.884521943172337,1980.0,8554.0,15823.0,1.98,8.554,15.823,26.357,0.06642998575031833,242.28447916666667,4,0,12,2007
2007-12-29,1,High Consumption High Demand,54.982600000000005,6.608,2.884403429448589,0.538920315777419,4836.0,2434.0,14906.0,4.836,2.434,14.906,22.176000000000002,0.06059250259779153,240.55066666666667,5,1,12,2007
2007-12-30,1,High Consumption High Demand,42.6486,7.364,4.144004727001589,0.8580658932429608,3595.0,3597.0,13485.0,3.595,3.597,13.485,20.677,0.06973108925810773,242.0991736111111,6,1,12,2007
2007-12-31,0,Moderate Stable Consumption,36.942366666666665,6.158,4.000609959116498,0.7784201003577077,0.0,3457.0,14071.0,0.0,3.457,14.071,17.528,0.06565903104926503,241.09479166666668,0,0,12,2007
2008-01-01,1,High Consumption High Demand,45.99563333333333,5.686,2.9668903352419687,0.5351960569364437,2461.0,2739.0,12355.0,2.461,2.739,12.355,17.555,0.05163823522377849,241.0366736111111,1,0,1,2008
2008-01-02,0,Moderate Stable Consumption,27.401766666666667,5.6,4.9047932432580374,0.6980404486639995,0.0,3094.0,8987.0,0.0,3.094,8.987,12.081,0.06791897846002629,242.41745138888888,2,0,1,2008
2008-01-03,0,Moderate Stable Consumption,25.168466666666667,5.662,5.399137015365789,0.864414869885346,1130.0,846.0,6671.0,1.13,0.846,6.671,8.647,0.08024724059471244,243.0774583333333,3,0,1,2008
2008-01-04,1,High Consumption High Demand,38.19753333333333,6.324,3.9734502926017914,0.780219932539358,1241.0,5326.0,11752.0,1.241,5.326,11.752,18.319000000000003,0.05964870331941155,241.27338194444442,4,0,1,2008
2008-01-05,0,Moderate Stable Consumption,36.38746666666667,5.326,3.5128579071182013,0.7260493925906587,2113.0,286.0,14591.0,2.113,0.286,14.591,16.99,0.0592988061823485,238.82294444444443,5,1,1,2008
2008-01-06,1,High Consumption High Demand,30.419733333333333,6.376,5.030418850921332,0.9181922785945011,1966.0,2445.0,7824.0,1.966,2.445,7.824,12.235,0.06408011466241212,239.40729166666668,6,1,1,2008
2008-01-07,0,Moderate Stable Consumption,28.26356666666667,5.864,4.979414015923917,0.8849599581659691,1288.0,282.0,10294.0,1.288,0.282,10.294,11.864,0.06850515445679774,240.74393750000002,0,0,1,2008
2008-01-08,1,High Consumption High Demand,34.05916666666666,7.296,5.141171001443567,0.9842756694148131,2197.0,3511.0,9793.0,2.197,3.511,9.793,15.501,0.06236793814685229,240.82180555555558,1,0,1,2008
2008-01-09,0,Moderate Stable Consumption,29.807333333333336,7.54,6.070989242020979,0.8548696765805952,1162.0,284.0,8963.0,1.162,0.284,8.963,10.408999999999999,0.07008118807452304,241.2586388888889,2,0,1,2008
2008-01-10,0,Moderate Stable Consumption,31.567933333333333,5.124,3.8955986982570914,0.7264252618718242,1307.0,285.0,9992.0,1.307,0.285,9.992,11.584000000000001,0.06362152310678135,240.80713888888891,3,0,1,2008
2008-01-11,0,Moderate Stable Consumption,28.4303,4.692,3.9608445918615,0.7040725971416778,1261.0,290.0,7997.0,1.261,0.29,7.997,9.548,0.05597549093748571,240.41004861111108,4,0,1,2008
2008-01-12,1,High Consumption High Demand,47.8568,8.282,4.153390949666505,0.8252294272440576,5594.0,2621.0,11116.0,5.594,2.621,11.116,19.331,0.05667045574853869,239.96018055555552,5,1,1,2008
2008-01-13,1,High Consumption High Demand,48.10175,6.922,3.453678920205606,0.7079005628051585,6505.5,341.5,9378.5,6.5055,0.3415,9.3785,16.2255,0.05015929773864776,239.74699652777778,6,1,1,2008
2008-01-14,1,High Consumption High Demand,33.748866666666665,8.362,5.946510796411929,1.0627291821542388,5918.0,339.0,9738.0,5.918,0.339,9.738,15.995000000000001,0.0593155720784698,240.29900694444444,0,0,1,2008
2008-01-15,1,High Consumption High Demand,44.781866666666666,8.666,4.644379868041827,0.7291445232714181,782.0,6883.0,14512.0,0.782,6.883,14.512,22.177,0.04210930614772646,240.7094861111111,1,0,1,2008
2008-01-16,1,High Consumption High Demand,35.59753333333333,5.312,3.581371742985938,0.7013686484248004,1162.0,3430.0,9391.0,1.162,3.43,9.391,13.983,0.0603646694621163,240.42214583333333,2,0,1,2008
2008-01-17,0,Moderate Stable Consumption,26.2047,6.0,5.4951974264158725,0.806175226729804,1007.0,350.0,8657.0,1.007,0.35,8.657,10.014,0.07423477467782497,241.62799305555555,3,0,1,2008
2008-01-18,0,Moderate Stable Consumption,36.449799999999996,5.55,3.654341038908307,0.6502723011876694,1034.0,846.0,14983.0,1.034,0.846,14.983,16.863,0.054545338154576066,239.93293055555554,4,0,1,2008
2008-01-19,1,High Consumption High Demand,33.0051,6.33,4.602925002499614,0.9577113997700514,2521.0,6054.0,8015.0,2.521,6.054,8.015,16.59,0.0681621931156094,239.60592361111114,5,1,1,2008
2008-01-20,0,Moderate Stable Consumption,29.00613333333333,5.106,4.224761659603026,0.8371351852106054,1775.0,380.0,4940.0,1.775,0.38,4.94,7.095000000000001,0.0796463736405174,239.94454166666668,6,1,1,2008
2008-01-21,0,Moderate Stable Consumption,30.9833,5.36,4.151914095657983,0.7166282351569679,0.0,376.0,10447.0,0.0,0.376,10.447,10.822999999999999,0.0658419212930837,239.56475,0,0,1,2008
2008-01-22,1,High Consumption High Demand,38.7503,8.12,5.029122355181766,1.031610377807445,4670.0,7640.0,7552.0,4.67,7.64,7.552,19.862,0.061703608316150654,240.09477777777778,1,0,1,2008
2008-01-23,0,Moderate Stable Consumption,31.3718,5.306,4.05918691308755,0.6565673451690135,1116.0,387.0,13359.0,1.116,0.387,13.359,14.862,0.05736786965788807,240.90704861111112,2,0,1,2008
2008-01-24,0,Moderate Stable Consumption,27.417033333333332,5.54,4.849540006151893,0.9126092066705932,1107.0,320.0,5935.0,1.107,0.32,5.935,7.362,0.06340705473847766,240.77922916666668,3,0,1,2008
2008-01-25,0,Moderate Stable Consumption,37.330933333333334,5.522,3.5500853626304543,0.6034698493754167,0.0,2421.0,11409.0,0.0,2.421,11.409,13.83,0.053407897650563245,240.70544444444445,4,0,1,2008
2008-01-26,1,High Consumption High Demand,47.2498,9.666,4.9097350676616625,0.8151684316883204,4925.0,311.0,15606.0,4.925,0.311,15.606,20.842,0.05940836433875558,239.76020833333334,5,1,1,2008
2008-01-27,1,High Consumption High Demand,39.6961,10.162,6.143878113970894,0.8632388942568487,3725.0,3818.0,7367.0,3.725,3.818,7.367,14.91,0.059098164975064725,241.3036736111111,6,1,1,2008
2008-01-28,0,Moderate Stable Consumption,38.46993333333333,4.816,3.004528211642339,0.5928829398071145,1142.0,280.0,12792.0,1.142,0.28,12.792,14.214,0.04671873619051416,240.46677777777776,0,0,1,2008
2008-01-29,1,High Consumption High Demand,44.6004,7.962,4.284445879409153,0.7034476282513469,1487.0,6199.0,11077.0,1.487,6.199,11.077,18.762999999999998,0.04378735018818964,240.62310416666668,1,0,1,2008
2008-01-30,0,Moderate Stable Consumption,27.3441,6.134,5.38383051554083,0.767441568039102,0.0,261.0,7261.0,0.0,0.261,7.261,7.522,0.07099032941902153,241.61465277777776,2,0,1,2008
2008-01-31,0,Moderate Stable Consumption,32.56536666666667,6.188,4.560427693633625,0.9022231240178971,1165.0,267.0,9437.0,1.165,0.267,9.437,10.869,0.07041018014025124,241.88574999999997,3,0,1,2008
2008-02-01,0,Moderate Stable Consumption,25.577533333333335,6.56,6.155402006448367,0.7556935815680546,336.0,280.0,7241.0,0.336,0.28,7.241,7.856999999999999,0.11680172443003364,240.36027083333332,4,0,2,2008
2008-02-02,1,High Consumption High Demand,49.00745,8.716,4.268412251606644,0.864542430336864,6283.5,2764.0,15205.0,6.2835,2.764,15.205,24.252499999999998,0.07870299991803967,240.28889930555556,5,1,2,2008
2008-02-03,1,High Consumption High Demand,34.7428,5.5,3.799348354191372,0.8429236936692672,2319.0,4435.0,8452.0,2.319,4.435,8.452,15.206,0.07373614101338982,240.34072222222224,6,1,2,2008
2008-02-04,0,Moderate Stable Consumption,27.13563333333333,5.108,4.517749723917751,0.8795154651740975,1161.0,252.0,9531.0,1.161,0.252,9.531,10.944,0.06389753202738344,240.25520833333334,0,0,2,2008
2008-02-05,1,High Consumption High Demand,41.2076,7.706,4.488104136130228,0.7937280841081137,1098.0,7803.0,13717.0,1.098,7.803,13.717,22.618000000000002,0.061795235183153906,240.97691666666668,1,0,2,2008
2008-02-06,2,Low Consumption High Variability,27.825666666666667,5.764,4.971525090743558,0.9940277262475273,2114.0,356.0,8428.0,2.114,0.356,8.428,10.898,0.06843801286581933,238.41371527777778,2,0,2,2008
2008-02-07,0,Moderate Stable Consumption,25.305166666666665,5.796,5.497059230328458,0.9509108818214775,0.0,295.0,8089.0,0.0,0.295,8.089,8.384,0.0715967094993776,241.07054861111112,3,0,2,2008
2008-02-08,0,Moderate Stable Consumption,32.5094,5.364,3.9599623493512643,0.7321940684623697,940.0,1921.0,9563.0,0.94,1.921,9.563,12.424,0.06105618682596418,240.43311805555555,4,0,2,2008
2008-02-09,1,High Consumption High Demand,35.03793333333333,5.912,4.049553912045802,0.836785613854153,2050.0,2838.0,10293.0,2.05,2.838,10.293,15.181,0.0687483470296003,241.76450694444446,5,1,2,2008
2008-02-10,1,High Consumption High Demand,36.411899999999996,6.726,4.433275934515914,0.9555785516254035,2562.0,2955.0,10128.0,2.562,2.955,10.128,15.645,0.06945348452932512,241.2752013888889,6,1,2,2008
2008-02-11,0,Moderate Stable Consumption,28.200266666666668,5.864,4.99059110552146,0.9428915838880614,1018.0,297.0,8930.0,1.018,0.297,8.93,10.245,0.06042850658622612,241.69219444444445,0,0,2,2008
2008-02-12,0,Moderate Stable Consumption,33.12996666666667,5.736,4.155271310263919,0.7552857234321657,2009.0,1856.0,12138.0,2.009,1.856,12.138,16.003,0.0658749027818722,239.50915277777779,1,0,2,2008
2008-02-13,1,High Consumption High Demand,31.674966666666666,5.484,4.155205635575517,0.8522602652727019,2530.0,3615.0,7568.0,2.53,3.615,7.568,13.713,0.0676022810863258,241.20309722222223,2,0,2,2008
2008-02-14,0,Moderate Stable Consumption,26.7437,5.564,4.993175962937065,0.82559217659115,1300.0,291.0,9299.0,1.3,0.291,9.299,10.889999999999999,0.07082415671728294,240.76481944444447,3,0,2,2008
2008-02-15,0,Moderate Stable Consumption,33.42013333333333,6.916,4.966587007432645,0.8144003193134837,1109.0,1723.0,13417.0,1.109,1.723,13.417,16.249,0.0538358115467323,241.89060416666663,4,0,2,2008
2008-02-16,0,Moderate Stable Consumption,39.1158,4.92,3.0187290046477386,0.7874315946363747,1076.0,2360.0,11599.0,1.076,2.36,11.599,15.035,0.059223297661473544,241.08755555555555,5,1,2,2008
2008-02-17,1,High Consumption High Demand,32.2228,6.116,4.555283836289832,0.906012916657168,3182.0,2257.0,6049.0,3.182,2.257,6.049,11.488,0.06210716221640165,242.46983333333333,6,1,2,2008
2008-02-18,0,Moderate Stable Consumption,25.240066666666667,5.916,5.625341718590284,0.9004317220404602,0.0,251.0,10345.0,0.0,0.251,10.345,10.596,0.06733474026745834,242.06393055555554,0,0,2,2008
2008-02-19,1,High Consumption High Demand,35.448600000000006,5.718,3.8712953402955264,0.8069617526181262,1881.0,4711.0,11200.0,1.881,4.711,11.2,17.792,0.06467956421410155,241.01013194444445,1,0,2,2008
2008-02-20,1,High Consumption High Demand,37.56316666666667,8.136,5.198283779766526,0.9426652433577117,3655.0,5516.0,7704.0,3.655,5.516,7.704,16.875,0.08442135247738254,241.66968749999998,2,0,2,2008
2008-02-21,0,Moderate Stable Consumption,27.230833333333333,5.246,4.6235823361997745,0.8378668727560754,0.0,307.0,8523.0,0.0,0.307,8.523,8.83,0.06871744652201855,240.7503888888889,3,0,2,2008
2008-02-22,0,Moderate Stable Consumption,28.876066666666667,6.686,5.5569895253508665,0.909467790479343,1167.0,1985.0,10101.0,1.167,1.985,10.101,13.253,0.07023578926954502,241.43576388888889,4,0,2,2008
2008-02-23,1,High Consumption High Demand,30.608900000000002,7.694,6.03275517904923,0.9732251171129551,1684.0,2250.0,10074.0,1.684,2.25,10.074,14.008,0.07214895014195218,239.6676111111111,5,1,2,2008
2008-02-24,0,Moderate Stable Consumption,21.050133333333335,4.94,5.6322683625123515,0.9188516622760559,754.0,332.0,11447.0,0.754,0.332,11.447,12.533,0.08498125110846487,240.37779861111113,6,1,2,2008
2008-02-25,3,Very Low Consumption,8.408133333333334,1.5,4.281568639888362,0.8187832522767547,0.0,321.0,1856.0,0.0,0.321,1.856,2.177,0.18180809057896324,239.77600694444445,0,0,2,2008
2008-02-26,3,Very Low Consumption,8.452,1.454,4.128726928537624,0.8391433452654086,0.0,295.0,2013.0,0.0,0.295,2.013,2.308,0.16680470105694903,239.5333263888889,1,0,2,2008
2008-02-27,3,Very Low Consumption,9.445333333333334,1.52,3.8622247317899494,0.8745456955232119,0.0,326.0,2969.0,0.0,0.326,2.969,3.295,0.15204686617730098,239.5540208333333,2,0,2,2008
2008-02-28,3,Very Low Consumption,8.4864,1.442,4.0780542986425345,0.8248666862009876,0.0,281.0,2028.0,0.0,0.281,2.028,2.309,0.16349296128707894,239.80427083333336,3,0,2,2008
2008-02-29,1,High Consumption High Demand,22.222466666666666,3.88,4.190353906107033,0.9419150016428831,0.0,3773.0,8062.0,0.0,3.773,8.062,11.834999999999999,0.06671026618707195,238.03849305555556,4,0,2,2008
2008-03-01,0,Moderate Stable Consumption,19.031266666666667,4.038,5.092251698082805,0.7001407851925141,0.0,1287.0,2724.0,0.0,1.287,2.724,4.011,0.09209231124920746,239.4315138888889,5,1,3,2008
2008-03-02,1,High Consumption High Demand,19.370433333333335,5.13,6.356078766091964,1.0878986182473538,0.0,5244.0,2565.0,0.0,5.244,2.565,7.808999999999999,0.12451106755484734,239.74624305555557,6,1,3,2008
2008-03-03,1,High Consumption High Demand,17.342499999999998,2.92,4.040939887559464,0.6158463894085423,0.0,2207.0,1755.0,0.0,2.207,1.755,3.9619999999999997,0.10987842967661335,240.3519861111111,0,0,3,2008
2008-03-04,1,High Consumption High Demand,27.8165,6.606,5.699638703647116,0.8417216570071807,1249.0,2443.0,9415.0,1.249,2.443,9.415,13.107,0.06528379439061947,241.02641666666665,1,0,3,2008
2008-03-05,1,High Consumption High Demand,33.95346666666667,8.336,5.892299657177863,1.1903972408628092,1145.0,9797.0,5529.0,1.145,9.797,5.529,16.471,0.06916230448731793,241.06524305555556,2,0,3,2008
2008-03-06,0,Moderate Stable Consumption,41.72013333333334,6.924,3.9831128695657734,0.5077977764939701,1082.0,372.0,6965.0,1.082,0.372,6.965,8.419,0.04241916772397659,240.4292291666667,3,0,3,2008
2008-03-07,1,High Consumption High Demand,31.049266666666664,6.686,5.168044763268698,0.9504101666083269,1235.0,3471.0,9033.0,1.235,3.471,9.033,13.739,0.06945520989223578,240.81606944444445,4,0,3,2008
2008-03-08,1,High Consumption High Demand,37.477666666666664,7.224,4.626115108553539,0.9382729711511604,6286.0,346.0,8435.0,6.286,0.346,8.435,15.067,0.10543167931123425,241.59095138888887,5,1,3,2008
2008-03-09,2,Low Consumption High Variability,26.007633333333334,5.83,5.379958960766646,0.9258328935825607,2607.0,333.0,4155.0,2.607,0.333,4.155,7.095000000000001,0.08688090291440076,240.74638194444444,6,1,3,2008
2008-03-10,0,Moderate Stable Consumption,26.978099999999998,5.38,4.786104284586387,0.8813592861289307,2009.0,368.0,8660.0,2.009,0.368,8.66,11.036999999999999,0.07853530579741841,241.72734722222222,0,0,3,2008
2008-03-11,1,High Consumption High Demand,36.667366666666666,8.662,5.669564490132462,0.8502211038736185,1271.0,3901.0,12936.0,1.271,3.901,12.936,18.108,0.06868050700850256,240.4241527777778,1,0,3,2008
2008-03-12,0,Moderate Stable Consumption,29.570533333333334,5.696,4.622980534676412,0.8779290914637335,1120.0,2374.0,11042.0,1.12,2.374,11.042,14.536,0.07788947555900241,241.05720833333334,2,0,3,2008
2008-03-13,2,Low Consumption High Variability,27.92523333333333,7.778,6.684706901882049,1.2715701368343013,3263.0,3590.0,5464.0,3.263,3.59,5.464,12.317,0.07667736587101033,240.802625,3,0,3,2008
2008-03-14,1,High Consumption High Demand,36.836999999999996,6.096,3.971658929880284,0.6788268531520485,980.0,3881.0,14476.0,0.98,3.881,14.476,19.337,0.07227696790364761,240.62736805555554,4,0,3,2008
2008-03-15,0,Moderate Stable Consumption,26.271666666666665,5.094,4.6535304193364215,0.8333800663031702,2550.0,502.0,5910.0,2.55,0.502,5.91,8.962,0.09795851043583076,240.19799305555554,5,1,3,2008
2008-03-16,0,Moderate Stable Consumption,30.032666666666668,6.728,5.376545539301649,0.9114948817854395,2394.0,566.0,11286.0,2.394,0.566,11.286,14.245999999999999,0.09636839885458055,241.29466666666667,6,1,3,2008
2008-03-17,1,High Consumption High Demand,28.448633333333337,5.844,4.930148958532278,0.8368210171807225,236.0,6651.0,9346.0,0.236,6.651,9.346,16.233,0.10268448747977348,240.8052291666667,0,0,3,2008
2008-03-18,1,High Consumption High Demand,31.959433333333333,6.766,5.080941151438855,0.7714260911434256,1156.0,4019.0,12544.0,1.156,4.019,12.544,17.719,0.07688913966976886,241.9289861111111,1,0,3,2008
2008-03-19,0,Moderate Stable Consumption,21.807466666666667,4.518,4.972241923255643,0.9836020661252612,2110.0,411.0,6154.0,2.11,0.411,6.154,8.675,0.10890612389640245,242.40221527777777,2,0,3,2008
2008-03-20,0,Moderate Stable Consumption,20.887900000000002,4.492,5.161265613106152,0.9790866007929737,1107.0,478.0,6670.0,1.107,0.478,6.67,8.254999999999999,0.0964306288967935,241.76258333333334,3,0,3,2008
2008-03-21,1,High Consumption High Demand,34.4407,8.126,5.662602676484508,0.8568651974146316,2171.0,4778.0,13275.0,2.171,4.778,13.275,20.224,0.10831371023237044,241.36990972222222,4,0,3,2008
2008-03-22,0,Moderate Stable Consumption,34.22526666666667,6.086,4.267724234921959,0.8837585721785366,3322.0,588.0,12405.0,3.322,0.588,12.405,16.314999999999998,0.09042052752449944,241.61215277777777,5,1,3,2008
2008-03-23,1,High Consumption High Demand,38.76649999999999,7.564,4.682806030980357,0.8583029452433784,6279.0,2112.0,13878.0,6.279,2.112,13.878,22.269,0.0655402645755141,242.65262500000003,6,1,3,2008
2008-03-24,1,High Consumption High Demand,32.93783333333333,6.978,5.084487443517333,0.885528810808041,1131.0,5988.5,7026.0,1.131,5.9885,7.026,14.1455,0.06634518562746992,242.7059201388889,0,0,3,2008
2008-03-25,1,High Consumption High Demand,33.5976,6.62,4.728909207800558,0.8147932042128968,2246.0,3677.0,13494.0,2.246,3.677,13.494,19.417,0.06341325967727854,242.1382152777778,1,0,3,2008
2008-03-26,1,High Consumption High Demand,27.224533333333333,5.528,4.873251577008972,0.8481216964825741,2547.0,3831.0,7547.0,2.547,3.831,7.547,13.925,0.08178775026446734,242.8097986111111,2,0,3,2008
2008-03-27,0,Moderate Stable Consumption,22.847033333333336,4.754,4.993908764230512,0.7642529174442266,0.0,356.0,9022.0,0.0,0.356,9.022,9.378,0.08494173568851389,242.0955416666667,3,0,3,2008
2008-03-28,1,High Consumption High Demand,31.423733333333335,5.33,4.070808475971453,0.927809588869623,2325.0,3605.0,11581.0,2.325,3.605,11.581,17.511,0.0730021469971741,242.32334027777776,4,0,3,2008
2008-03-29,0,Moderate Stable Consumption,41.185833333333335,6.94,4.044109018068511,0.7455807912747092,5153.0,375.0,17240.0,5.153,0.375,17.24,22.767999999999997,0.07084474839649556,241.2535486111111,5,1,3,2008
2008-03-30,1,High Consumption High Demand,35.773199999999996,5.634,3.7798128207708572,0.8629422924018997,5045.0,1315.0,9769.0,5.045,1.315,9.769,16.128999999999998,0.08198409237455229,241.16375694444443,6,1,3,2008
2008-03-31,0,Moderate Stable Consumption,22.9595,5.914,6.182016158888477,0.9950655915465734,1091.0,411.0,9387.0,1.091,0.411,9.387,10.889000000000001,0.0949933578692916,242.72704166666668,0,0,3,2008
2008-04-01,1,High Consumption High Demand,35.4842,6.32,4.274578544817129,0.8670509655293195,1079.0,6657.0,14515.0,1.079,6.657,14.515,22.251,0.08003374271741599,241.61580555555557,1,0,4,2008
2008-04-02,1,High Consumption High Demand,28.194533333333332,5.322,4.530239904662369,0.8678501424598377,1106.0,3674.0,7989.0,1.106,3.674,7.989,12.769,0.08425983287540373,238.66715972222224,2,0,4,2008
2008-04-03,0,Moderate Stable Consumption,18.8126,6.066,7.738643249736877,0.9062026810435996,0.0,422.0,6901.0,0.0,0.422,6.901,7.3229999999999995,0.10740673803727288,240.69424305555557,3,0,4,2008
2008-04-04,0,Moderate Stable Consumption,27.19863333333333,5.458,4.816124339580788,0.8251477428446025,2133.0,775.0,13246.0,2.133,0.775,13.246,16.154,0.07678449529939618,241.33105555555554,4,0,4,2008
2008-04-05,0,Moderate Stable Consumption,32.84603333333333,5.354,3.912070559509469,0.7845220166986145,2929.0,874.0,13644.0,2.929,0.874,13.644,17.447,0.10335291628314328,240.55802777777777,5,1,4,2008
2008-04-06,1,High Consumption High Demand,28.271966666666668,6.16,5.229208202707276,0.9024969685227429,1124.0,2615.0,7552.0,1.124,2.615,7.552,11.291,0.0887640171241477,241.14960416666665,6,1,4,2008
2008-04-07,0,Moderate Stable Consumption,25.647299999999998,5.228,4.892210875998643,0.9247736197462932,2420.0,672.0,9466.0,2.42,0.672,9.466,12.558,0.09180953420697956,243.2283263888889,0,0,4,2008
2008-04-08,1,High Consumption High Demand,44.29193333333333,6.768,3.6673043548938176,0.8547934801237742,2752.0,10713.0,17519.0,2.752,10.713,17.519,30.983999999999998,0.06930381604475758,242.06658333333334,1,0,4,2008
2008-04-09,0,Moderate Stable Consumption,20.314200000000003,6.398,7.5588504592846375,0.8789346746235326,0.0,376.0,9003.0,0.0,0.376,9.003,9.379,0.10900749229602937,242.31770833333334,2,0,4,2008
2008-04-10,2,Low Consumption High Variability,24.6291,6.382,6.218984859373667,1.0111506176916762,3261.0,457.0,6527.0,3.261,0.457,6.527,10.245000000000001,0.1107632840826502,241.94904861111112,3,0,4,2008
2008-04-11,0,Moderate Stable Consumption,31.2944,6.082,4.6643488930926935,0.6666749605921027,1802.0,491.0,14522.0,1.802,0.491,14.522,16.815,0.07663245394277143,240.758375,4,0,4,2008
2008-04-12,1,High Consumption High Demand,46.666900000000005,9.482,4.876432760693339,0.8407197042479266,7076.0,2499.0,15225.0,7.076,2.499,15.225,24.799999999999997,0.14009644237493096,241.0631736111111,5,1,4,2008
2008-04-13,1,High Consumption High Demand,37.216433333333335,6.342,4.0898062056815405,0.7902341270206366,2554.0,5942.0,13007.0,2.554,5.942,13.007,21.503,0.09561815434579528,240.4233263888889,6,1,4,2008
2008-04-14,0,Moderate Stable Consumption,26.493033333333333,6.89,6.241640884207295,0.8194640662442857,0.0,425.0,11197.0,0.0,0.425,11.197,11.622,0.09748348937016148,242.31405555555554,0,0,4,2008
2008-04-15,1,High Consumption High Demand,27.8401,7.394,6.374115035506338,1.0202969049560955,1174.0,3998.0,9874.0,1.174,3.998,9.874,15.046000000000001,0.10702906957949146,241.23874305555555,1,0,4,2008
2008-04-16,0,Moderate Stable Consumption,24.817733333333333,4.48,4.332385982066587,0.6601247428137688,838.0,403.0,11322.0,0.838,0.403,11.322,12.562999999999999,0.08455244368274298,241.74438888888886,2,0,4,2008
2008-04-17,2,Low Consumption High Variability,23.264366666666668,5.736,5.917375786431609,1.0714671173433357,1719.0,417.0,8638.0,1.719,0.417,8.638,10.774000000000001,0.10450746563772062,241.40359722222223,3,0,4,2008
2008-04-18,1,High Consumption High Demand,31.039833333333334,8.244,6.374261030181647,0.9502684443483207,2174.0,3832.0,10921.0,2.174,3.832,10.921,16.927,0.09914464746911225,240.6415763888889,4,0,4,2008
2008-04-19,1,High Consumption High Demand,37.56183333333333,5.354,3.4209192842024927,0.7274500205204115,4319.0,2457.0,14722.0,4.319,2.457,14.722,21.497999999999998,0.10883565321181517,241.14318055555555,5,1,4,2008
2008-04-20,1,High Consumption High Demand,29.856966666666665,8.268,6.646087066223518,1.0807783558408168,1030.0,4544.0,10401.0,1.03,4.544,10.401,15.975,0.12719197864485007,241.43287500000002,6,1,4,2008
2008-04-21,0,Moderate Stable Consumption,19.4026,4.152,5.135806541391361,0.821824035728221,0.0,2673.0,6788.0,0.0,2.673,6.788,9.461,0.15066709272640438,241.99249305555557,0,0,4,2008
2008-04-22,1,High Consumption High Demand,27.12793333333333,5.808,5.138319911333705,0.9745880291376742,971.0,5093.0,10603.0,0.971,5.093,10.603,16.667,0.11866612274187247,240.95971527777778,1,0,4,2008
2008-04-23,0,Moderate Stable Consumption,22.622133333333334,4.678,4.9629271627786355,0.8656000134941941,1380.0,492.0,8406.0,1.38,0.492,8.406,10.278,0.13961400634187168,241.51134027777778,2,0,4,2008
2008-04-24,2,Low Consumption High Variability,17.3962,4.08,5.628815488440004,0.9304024220100267,1263.0,522.0,5296.0,1.263,0.522,5.296,7.081,0.16471413297156853,240.60532638888887,3,0,4,2008
2008-04-25,2,Low Consumption High Variability,21.128899999999998,5.438,6.176942481624694,0.9745567537909565,824.0,2004.0,9400.0,0.824,2.004,9.4,12.228,0.12796375264842624,241.00715277777778,4,0,4,2008
2008-04-26,0,Moderate Stable Consumption,15.052766666666667,4.078,6.501927663353137,0.700137678244028,0.0,634.0,3586.0,0.0,0.634,3.586,4.22,0.18678293912746935,240.79256249999997,5,1,4,2008
2008-04-27,0,Moderate Stable Consumption,16.804,3.734,5.33301594858367,0.7574009798706377,693.0,588.0,5488.0,0.693,0.588,5.488,6.769,0.19649884948028246,240.90728472222222,6,1,4,2008
2008-04-28,3,Very Low Consumption,10.9842,1.984,4.334953842792374,0.6490311961396522,0.0,621.0,2786.0,0.0,0.621,2.786,3.407,0.253573314397043,240.97845833333332,0,0,4,2008
2008-04-29,1,High Consumption High Demand,32.876933333333334,8.264,6.032679446988162,1.014424862823752,1402.0,5411.0,10481.0,1.402,5.411,10.481,17.294,0.10917279389399662,240.70690277777777,1,0,4,2008
2008-04-30,2,Low Consumption High Variability,18.362099999999998,5.038,6.584867743885504,1.0136761427333973,1057.0,590.0,6653.0,1.057,0.59,6.653,8.299999999999999,0.15571566796099942,241.43364583333334,2,0,4,2008
2008-05-01,3,Very Low Consumption,9.600233333333334,1.5,3.7499088563819627,0.6612336003085184,0.0,530.0,2586.0,0.0,0.53,2.586,3.1159999999999997,0.2616186412135816,241.4462638888889,3,0,5,2008
2008-05-02,2,Low Consumption High Variability,24.9628,5.85,5.62436906116301,0.9390227966750392,3114.0,584.0,8687.0,3.114,0.584,8.687,12.385,0.13724956067962463,241.64894444444442,4,0,5,2008
2008-05-03,2,Low Consumption High Variability,21.493333333333332,5.166,5.768486352357321,1.07646359896591,996.0,541.0,6535.0,0.996,0.541,6.535,8.072,0.1566408188585608,240.8336875,5,1,5,2008
2008-05-04,2,Low Consumption High Variability,24.516166666666667,6.576,6.437548012535945,1.0906234901616074,2196.0,2872.0,5464.0,2.196,2.872,5.464,10.532,0.14237000074780587,241.38047916666667,6,1,5,2008
2008-05-05,0,Moderate Stable Consumption,22.7822,5.858,6.1711336043051155,0.7589200876684243,1008.0,378.0,10197.0,1.008,0.378,10.197,11.582999999999998,0.1358882519393796,240.73685416666666,0,0,5,2008
2008-05-06,1,High Consumption High Demand,29.833000000000002,7.294,5.867864445412798,0.9386855041502459,1354.0,5410.0,12200.0,1.354,5.41,12.2,18.964,0.11150739114403513,240.29031944444444,1,0,5,2008
2008-05-07,0,Moderate Stable Consumption,19.6044,5.404,6.615657709493787,0.8252794441001334,1030.0,423.0,6649.0,1.03,0.423,6.649,8.102,0.1623411070984065,241.0812638888889,2,0,5,2008
2008-05-08,0,Moderate Stable Consumption,35.278299999999994,4.718,3.209678470901376,0.6225813733851518,3667.0,702.0,12717.0,3.667,0.702,12.717,17.086,0.11964106358110604,239.85129166666667,3,0,5,2008
2008-05-09,0,Moderate Stable Consumption,29.121199999999998,5.32,4.384434707360961,0.7576315516650451,2229.0,423.0,11904.0,2.229,0.423,11.904,14.556000000000001,0.13156165725771374,240.47122222222222,4,0,5,2008
2008-05-10,1,High Consumption High Demand,31.8188,6.902,5.205978855267955,0.8094312446059359,6950.0,612.0,11714.0,6.95,0.612,11.714,19.276,0.1518043839910158,240.08622916666667,5,1,5,2008
2008-05-11,0,Moderate Stable Consumption,26.848666666666666,4.198,3.7525885829215606,0.6857498591654079,563.0,1340.0,6930.0,0.563,1.34,6.93,8.833,0.1711456807290244,240.48559722222222,6,1,5,2008
2008-05-12,0,Moderate Stable Consumption,25.403399999999998,5.604,5.2944094097640475,0.907271542214969,2082.0,1085.0,11959.0,2.082,1.085,11.959,15.126,0.15033420723210278,241.041625,0,0,5,2008
2008-05-13,2,Low Consumption High Variability,24.6149,6.748,6.579429532518921,1.0353351216163926,823.0,4089.0,8370.0,0.823,4.089,8.37,13.282,0.16011169386563961,240.3740625,1,0,5,2008
2008-05-14,1,High Consumption High Demand,26.404366666666665,4.332,3.9375305347221605,0.7849004497247825,2467.0,3436.0,9716.0,2.467,3.436,9.716,15.619,0.17508088939834449,240.7085138888889,2,0,5,2008
2008-05-15,0,Moderate Stable Consumption,19.379466666666666,4.106,5.0849696586077355,0.9688730157738858,868.0,570.0,6820.0,0.868,0.57,6.82,8.258000000000001,0.20444663079823314,240.35039583333335,3,0,5,2008
2008-05-16,2,Low Consumption High Variability,27.517400000000002,6.542,5.7057716208653435,0.9814855888014294,2228.0,2568.0,8957.0,2.228,2.568,8.957,13.753,0.14265398135967303,239.61642361111112,4,0,5,2008
2008-05-17,0,Moderate Stable Consumption,27.624233333333333,5.9,5.125934113405259,0.9207400439477622,2158.0,935.0,12472.0,2.158,0.935,12.472,15.565,0.1664577116468994,239.4728611111111,5,1,5,2008
2008-05-18,1,High Consumption High Demand,30.065966666666668,7.782,6.211940632764176,1.052499744332321,1775.0,5355.0,8626.0,1.775,5.355,8.626,15.756,0.141074237870283,239.68268750000001,6,1,5,2008
2008-05-19,2,Low Consumption High Variability,17.171033333333334,4.388,6.133119536583898,1.0626233173740838,1014.0,558.0,7503.0,1.014,0.558,7.503,9.075,0.17057408697981677,240.43187500000002,0,0,5,2008
2008-05-20,2,Low Consumption High Variability,26.355566666666668,8.944,8.144617139706096,1.0770919187530557,1352.0,2431.0,11977.0,1.352,2.431,11.977,15.760000000000002,0.11640931011411884,241.01960416666665,1,0,5,2008
2008-05-21,0,Moderate Stable Consumption,22.068533333333335,4.98,5.4158560605145185,0.9077860859403906,1989.0,474.0,9251.0,1.989,0.474,9.251,11.713999999999999,0.1437385961308409,240.7605138888889,2,0,5,2008
2008-05-22,2,Low Consumption High Variability,16.281133333333333,3.994,5.887550825700095,0.9489895979667697,996.0,440.0,6475.0,0.996,0.44,6.475,7.911,0.17383720216037377,239.50019444444447,3,0,5,2008
2008-05-23,0,Moderate Stable Consumption,24.7486,5.196,5.038830479299839,0.7427826763306618,0.0,1390.0,14734.0,0.0,1.39,14.734,16.124,0.12051725484808568,239.49885416666666,4,0,5,2008
2008-05-24,0,Moderate Stable Consumption,26.336266666666667,6.052,5.515132491570559,0.745086385697373,1027.0,569.0,12833.0,1.027,0.569,12.833,14.429,0.1807077186338737,240.72490277777777,5,1,5,2008
2008-05-25,1,High Consumption High Demand,34.141733333333335,6.538,4.595900227678345,0.9642504985559103,4307.0,8811.0,6016.0,4.307,8.811,6.016,19.134,0.14176979883856708,239.94564583333332,6,1,5,2008
2008-05-26,0,Moderate Stable Consumption,21.495166666666666,4.828,5.390607190763816,0.8556850438948546,985.0,666.0,9284.0,0.985,0.666,9.284,10.935,0.17112219025982583,240.36368750000003,0,0,5,2008
2008-05-27,1,High Consumption High Demand,28.478333333333335,7.044,5.9363024521566095,0.9096029911613714,0.0,5352.0,11478.0,0.0,5.352,11.478,16.83,0.12141745186399015,239.39086805555553,1,0,5,2008
2008-05-28,2,Low Consumption High Variability,18.572866666666666,4.686,6.055284949729534,1.055142161409576,3138.0,512.0,6709.0,3.138,0.512,6.709,10.359,0.2114590100971668,241.32269444444444,2,0,5,2008
2008-05-29,2,Low Consumption High Variability,18.917933333333334,4.576,5.8052852848619825,0.9064675947932854,1004.0,507.0,8703.0,1.004,0.507,8.703,10.213999999999999,0.1645986700450014,237.67515972222222,3,0,5,2008
2008-05-30,2,Low Consumption High Variability,23.287399999999998,6.216,6.406211084105568,0.9056212659489256,0.0,3019.0,11298.0,0.0,3.019,11.298,14.317,0.13041244048999315,240.55369444444446,4,0,5,2008
2008-05-31,0,Moderate Stable Consumption,27.357833333333335,6.044,5.302174270623282,0.8280967054104944,1764.0,2328.0,11858.0,1.764,2.328,11.858,15.95,0.15225620937330564,240.65420138888888,5,1,5,2008
2008-06-01,0,Moderate Stable Consumption,30.8146,4.954,3.858430743868166,0.7786266925501207,1906.0,545.0,11307.0,1.906,0.545,11.307,13.758000000000001,0.1218794554096651,240.62318055555556,6,1,6,2008
2008-06-02,2,Low Consumption High Variability,17.900199999999998,4.454,5.971776851655289,0.9780889598361172,960.0,558.0,6341.0,0.96,0.558,6.341,7.859,0.1537766803350428,236.369875,0,0,6,2008
2008-06-03,2,Low Consumption High Variability,26.630266666666667,6.758,6.090513550997111,1.0436424769522932,2897.0,2608.0,9265.0,2.897,2.608,9.265,14.77,0.10885984368663223,234.15220833333333,1,0,6,2008
2008-06-04,1,High Consumption High Demand,26.48186666666667,5.672,5.1404231323068865,0.9139821889092451,1550.0,7682.0,6508.0,1.55,7.682,6.508,15.740000000000002,0.09591720623923791,234.70647222222223,2,0,6,2008
2008-06-05,2,Low Consumption High Variability,18.667966666666665,4.304,5.533328928878167,0.9399267762905891,1747.0,506.0,8781.0,1.747,0.506,8.781,11.034,0.13669226607432694,235.16382638888888,3,0,6,2008
2008-06-06,2,Low Consumption High Variability,20.295233333333332,5.964,7.052690533245082,1.023187167636161,1009.0,506.0,7871.0,1.009,0.506,7.871,9.386000000000001,0.1433177248516483,239.7169375,4,0,6,2008
2008-06-07,0,Moderate Stable Consumption,31.37473333333333,6.022,4.606509271791952,0.7513847762749458,2379.0,2611.0,14593.0,2.379,2.611,14.593,19.583,0.09902554284657929,238.98444444444442,5,1,6,2008
2008-06-08,2,Low Consumption High Variability,25.705366666666666,7.578,7.075254064974759,1.0488698133719785,2536.0,3161.0,9732.0,2.536,3.161,9.732,15.428999999999998,0.12214310630335298,239.96493750000002,6,1,6,2008
2008-06-09,2,Low Consumption High Variability,22.094966666666668,6.014,6.5325285245961,1.081592084449829,1967.0,2085.0,7921.0,1.967,2.085,7.921,11.972999999999999,0.1385232534106561,239.43468055555556,0,0,6,2008
2008-06-10,2,Low Consumption High Variability,17.78483333333333,4.378,5.907955280248152,0.9548680446794332,907.0,585.0,8992.0,0.907,0.585,8.992,10.484000000000002,0.20243653300096523,239.97804861111112,1,0,6,2008
2008-06-11,2,Low Consumption High Variability,18.7201,4.32,5.5384319528207655,1.00966700474113,977.0,842.0,7566.0,0.977,0.842,7.566,9.385,0.1908572425717099,240.1544722222222,2,0,6,2008
2008-06-12,2,Low Consumption High Variability,20.98886666666667,4.816,5.506919541471192,0.9635905648395614,1951.0,567.0,7246.0,1.951,0.567,7.246,9.764,0.1503114349512281,239.69002083333334,3,0,6,2008
2008-06-13,1,High Consumption High Demand,31.24996666666667,5.486,4.213252494135993,0.876435941213638,2809.0,7358.5,10531.5,2.809,7.3585,10.5315,20.698999999999998,0.15036762705880222,238.88891666666666,4,0,6,2008
2008-06-14,0,Moderate Stable Consumption,23.082,5.58,5.801923576813101,0.8370966681564923,1862.0,1011.0,10681.0,1.862,1.011,10.681,13.553999999999998,0.24859197643185163,240.01449305555556,5,1,6,2008
2008-06-15,1,High Consumption High Demand,38.1517,6.252,3.932930904782749,0.8827937531943502,6471.0,6802.0,11589.0,6.471,6.802,11.589,24.862000000000002,0.12275818202945961,239.45372916666668,6,1,6,2008
2008-06-16,2,Low Consumption High Variability,21.7174,5.29,5.8460036652637974,1.042573812023278,1980.0,464.0,10012.0,1.98,0.464,10.012,12.456,0.1568496535803856,240.43346527777777,0,0,6,2008
2008-06-17,0,Moderate Stable Consumption,19.084733333333336,4.524,5.6891546821019245,0.9755412739612368,1080.0,432.0,10094.0,1.08,0.432,10.094,11.606,0.15323242661673728,240.35443055555555,1,0,6,2008
2008-06-18,1,High Consumption High Demand,31.560133333333333,5.906,4.491235778471574,0.913975603038014,7549.0,3040.0,12687.0,7.549,3.04,12.687,23.276,0.1440234726511506,239.73986805555555,2,0,6,2008
2008-06-19,2,Low Consumption High Variability,26.46803333333333,7.52,6.818791472984393,1.0506782515173576,3411.0,1514.0,10911.0,3.411,1.514,10.911,15.835999999999999,0.1192746974022752,239.2726875,3,0,6,2008
2008-06-20,1,High Consumption High Demand,27.935066666666668,5.992,5.147938314090295,0.9462141940713322,2948.0,2935.0,12417.0,2.948,2.935,12.417,18.3,0.1356837045911232,239.9391875,4,0,6,2008
2008-06-21,1,High Consumption High Demand,28.90423333333333,6.368,5.287529969658425,0.8622237324774796,940.0,5823.0,12828.0,0.94,5.823,12.828,19.591,0.137827561591324,239.46340972222222,5,1,6,2008
2008-06-22,2,Low Consumption High Variability,26.106933333333334,4.922,4.524775027834241,0.8931168834225571,4705.0,1175.0,10652.0,4.705,1.175,10.652,16.532,0.1877815344072073,239.04411805555557,6,1,6,2008
2008-06-23,2,Low Consumption High Variability,20.863266666666668,5.662,6.513265739785077,0.978118970213211,2600.0,581.0,10124.0,2.6,0.581,10.124,13.305,0.1685226666325823,238.93765277777777,0,0,6,2008
2008-06-24,1,High Consumption High Demand,29.240866666666665,5.798,4.758819278042375,0.8118564003665195,2779.0,3489.0,14271.0,2.779,3.489,14.271,20.539,0.14421711166791684,237.91538888888888,1,0,6,2008
2008-06-25,2,Low Consumption High Variability,21.0295,4.542,5.183575453529565,0.9410076114184301,2773.0,569.0,9402.0,2.773,0.569,9.402,12.744,0.23033199394501375,238.89490277777776,2,0,6,2008
2008-06-26,2,Low Consumption High Variability,17.60033333333333,5.428,7.4016779985227545,0.9421591580632341,921.0,572.0,8971.0,0.921,0.572,8.971,10.464,0.20588057044374156,239.3514027777778,3,0,6,2008
2008-06-27,2,Low Consumption High Variability,29.252533333333336,6.366,5.222932258858491,0.9781000362137455,4159.0,2372.0,10163.0,4.159,2.372,10.163,16.694,0.14927937865210533,238.9349861111111,4,0,6,2008
2008-06-28,0,Moderate Stable Consumption,20.146666666666665,4.22,5.027134348113831,0.7782765558285903,0.0,2000.0,7932.0,0.0,2.0,7.932,9.932,0.1745152217074785,239.14238194444445,5,1,6,2008
2008-06-29,2,Low Consumption High Variability,12.4892,3.09,5.937930371841271,0.9587655855184297,955.0,535.0,3896.0,0.955,0.535,3.896,5.386,0.245097097225336,240.16064583333335,6,1,6,2008
2008-06-30,3,Very Low Consumption,13.403266666666667,4.166,7.459674009818502,0.9241215467791036,0.0,521.0,6819.0,0.0,0.521,6.819,7.34,0.23567140348870178,240.37611805555554,0,0,6,2008
2008-07-01,2,Low Consumption High Variability,20.254,4.622,5.476844080181692,1.1183635871587483,3465.0,587.0,8390.0,3.465,0.587,8.39,12.442,0.22858694578848623,239.5402916666667,1,0,7,2008
2008-07-02,2,Low Consumption High Variability,19.120033333333332,4.842,6.077813671872956,0.9031246739207484,962.0,650.0,7002.0,0.962,0.65,7.002,8.614,0.23233746105742495,238.96197916666668,2,0,7,2008
2008-07-03,2,Low Consumption High Variability,18.305999999999997,7.126,9.342510652245167,1.3509228844554626,958.0,2569.0,7410.0,0.958,2.569,7.41,10.937000000000001,0.1946065042426891,239.63549305555554,3,0,7,2008
2008-07-04,3,Very Low Consumption,15.700333333333333,3.454,5.2798879004692045,0.8345199553995104,0.0,589.0,8302.0,0.0,0.589,8.302,8.891,0.19971125878431456,240.1796527777778,4,0,7,2008
2008-07-05,1,High Consumption High Demand,24.4848,5.904,5.787100568515977,1.0258962636016538,1875.0,6754.0,8365.0,1.875,6.754,8.365,16.994,0.15300649110196257,239.56477083333334,5,1,7,2008
2008-07-06,1,High Consumption High Demand,30.084400000000002,6.302,5.027456090199572,0.8822723265864285,4258.0,5230.0,7536.0,4.258,5.23,7.536,17.024,0.14048366152114275,240.59022916666666,6,1,7,2008
2008-07-07,2,Low Consumption High Variability,16.389833333333332,4.052,5.933434344461505,1.0277348739329197,2171.0,592.0,7149.0,2.171,0.592,7.149,9.911999999999999,0.2062355728652925,239.63371527777778,0,0,7,2008
2008-07-08,2,Low Consumption High Variability,18.770233333333334,4.562,5.833065474234915,0.9443162844552728,991.0,503.0,7592.0,0.991,0.503,7.592,9.086,0.17431678171288942,239.700625,1,0,7,2008
2008-07-09,2,Low Consumption High Variability,15.321966666666667,4.298,6.732295027400748,0.9933206129075581,951.0,499.0,7352.0,0.951,0.499,7.352,8.802,0.20855025138200275,240.3295763888889,2,0,7,2008
2008-07-10,0,Moderate Stable Consumption,20.8546,4.806,5.530866091893395,0.8886417450623939,982.0,552.0,8186.0,0.982,0.552,8.186,9.72,0.19199760884089517,239.86775694444444,3,0,7,2008
2008-07-11,0,Moderate Stable Consumption,20.903599999999997,4.896,5.621232706328097,0.8351894033075687,724.0,558.0,9251.0,0.724,0.558,9.251,10.533,0.20015372152803027,239.5169097222222,4,0,7,2008
2008-07-12,2,Low Consumption High Variability,22.147533333333335,6.88,7.455457793644438,1.1833702605435623,4436.0,2617.0,7231.0,4.436,2.617,7.231,14.283999999999999,0.20026609434308712,240.05927777777777,5,1,7,2008
2008-07-13,2,Low Consumption High Variability,20.910566666666668,5.408,6.207005389619603,1.0421161459574384,1671.0,3164.0,7056.0,1.671,3.164,7.056,11.891,0.13309060650356996,240.2902638888889,6,1,7,2008
2008-07-14,2,Low Consumption High Variability,18.965433333333333,4.324,5.471849663334874,1.0650319581661014,2564.0,1995.0,6436.0,2.564,1.995,6.436,10.995000000000001,0.18425451215632652,240.4941875,0,0,7,2008
2008-07-15,0,Moderate Stable Consumption,19.264333333333333,4.748,5.915180039105082,0.8195494085179349,968.0,552.0,8585.0,0.968,0.552,8.585,10.105,0.16518955582856057,239.78144444444447,1,0,7,2008
2008-07-16,2,Low Consumption High Variability,17.95103333333333,6.98,9.332053307980415,1.2743112760119206,1537.0,2799.0,4978.0,1.537,2.799,4.978,9.314,0.1916899862774845,240.59338194444442,2,0,7,2008
2008-07-17,0,Moderate Stable Consumption,21.985366666666668,4.764,5.200550062844831,0.7551833627382468,1122.0,723.0,8280.0,1.122,0.723,8.28,10.125,0.18156470743418726,239.91703472222224,3,0,7,2008
2008-07-18,0,Moderate Stable Consumption,21.026400000000002,4.416,5.040520488528707,0.7560879122162817,1143.0,552.0,9260.0,1.143,0.552,9.26,10.955,0.1550479397329072,239.5771875,4,0,7,2008
2008-07-19,2,Low Consumption High Variability,22.400233333333333,5.376,5.759940000624994,1.0589386771935976,2941.0,3146.0,7676.0,2.941,3.146,7.676,13.763,0.1547826138715817,239.15111805555554,5,1,7,2008
2008-07-20,2,Low Consumption High Variability,15.692233333333332,4.726,7.228034250489095,1.1783713243687766,1943.0,1076.0,5457.0,1.943,1.076,5.457,8.475999999999999,0.18329237181025856,239.77769444444445,6,1,7,2008
2008-07-21,2,Low Consumption High Variability,19.274633333333334,5.938,7.393759327890369,0.9801998643101915,1698.0,431.0,9189.0,1.698,0.431,9.189,11.318,0.1491165417759784,239.10169444444443,0,0,7,2008
2008-07-22,3,Very Low Consumption,12.337366666666666,3.16,6.147178895550375,0.8471117357067166,0.0,430.0,4886.0,0.0,0.43,4.886,5.316,0.2176693567779186,239.67030555555556,1,0,7,2008
2008-07-23,2,Low Consumption High Variability,15.7105,5.886,8.99169345342287,0.9127114088717259,1233.0,454.0,6325.0,1.233,0.454,6.325,8.012,0.17227544211408505,240.09611805555554,2,0,7,2008
2008-07-24,0,Moderate Stable Consumption,18.22416666666667,4.574,6.023649915405368,0.9207063644202775,837.0,476.0,8344.0,0.837,0.476,8.344,9.657,0.1699958845854863,239.8837638888889,3,0,7,2008
2008-07-25,2,Low Consumption High Variability,14.425566666666667,5.766,9.592968040539136,1.0970126644563012,1168.0,492.0,6731.0,1.168,0.492,6.731,8.391,0.21109973727201936,239.0572152777778,4,0,7,2008
2008-07-26,2,Low Consumption High Variability,13.594733333333332,4.398,7.764183188587737,0.9915321025433266,0.0,948.0,6243.0,0.0,0.948,6.243,7.191000000000001,0.26152039270109506,240.02869444444445,5,1,7,2008
2008-07-27,0,Moderate Stable Consumption,19.123266666666666,3.896,4.889541187175134,0.8720442587908961,1063.0,858.0,8385.0,1.063,0.858,8.385,10.306,0.20318878573744376,238.4711597222222,6,1,7,2008
2008-07-28,2,Low Consumption High Variability,13.763399999999999,5.044,8.795501111643926,0.8890606188107706,0.0,509.0,5963.0,0.0,0.509,5.963,6.472,0.24038876052913288,239.99369444444443,0,0,7,2008
2008-07-29,0,Moderate Stable Consumption,19.442633333333333,3.976,4.907977143013892,0.7460795203061581,1571.0,530.0,5802.0,1.571,0.53,5.802,7.903,0.17863149539071352,240.24888194444446,1,0,7,2008
2008-07-30,2,Low Consumption High Variability,21.665133333333333,4.392,4.865328930970501,0.8438233489569714,2548.0,773.0,6278.0,2.548,0.773,6.278,9.599,0.17504007975949068,239.08559027777778,2,0,7,2008
2008-07-31,2,Low Consumption High Variability,23.21063333333333,5.368,5.550559441865008,1.0242653304198674,1533.0,2808.0,7588.0,1.533,2.808,7.588,11.928999999999998,0.1748307887620473,240.09567361111112,3,0,7,2008
2008-08-01,2,Low Consumption High Variability,12.326266666666667,4.284,8.341211721310588,1.1243902595572934,586.0,1150.0,5091.0,0.586,1.15,5.091,6.827,0.3416876696918234,239.8054375,4,0,8,2008
2008-08-02,3,Very Low Consumption,8.4296,2.038,5.802410553288412,0.8919567170924331,0.0,504.0,3803.0,0.0,0.504,3.803,4.307,0.3525157381924014,239.12872916666666,5,1,8,2008
2008-08-03,3,Very Low Consumption,8.413033333333333,1.95,5.56279740561272,0.9238596034089819,0.0,499.0,3926.0,0.0,0.499,3.926,4.425,0.32895784714985876,237.0544375,6,1,8,2008
2008-08-04,2,Low Consumption High Variability,18.775016666666666,5.89,7.529154434838495,1.2266209381113504,596.0,4677.0,4410.5,0.596,4.677,4.4105,9.683499999999999,0.1720779653102838,237.86342361111113,0,0,8,2008
2008-08-05,2,Low Consumption High Variability,13.785300000000001,5.796,10.090748841156884,1.208995575044658,635.0,509.0,7118.0,0.635,0.509,7.118,8.262,0.2179229565793514,238.73645833333333,1,0,8,2008
2008-08-06,3,Very Low Consumption,5.4352,0.976,4.309685016190756,0.8420959053123629,0.0,513.0,2215.0,0.0,0.513,2.215,2.7279999999999998,0.6577617505642233,240.56582638888887,2,0,8,2008
2008-08-07,3,Very Low Consumption,5.5814,1.05,4.514996237503135,0.8763207652160271,0.0,526.0,2357.0,0.0,0.526,2.357,2.883,0.6418341873603994,239.3123263888889,3,0,8,2008
2008-08-08,3,Very Low Consumption,5.036666666666666,0.976,4.650694904037062,0.8107964572321197,0.0,481.0,1980.0,0.0,0.481,1.98,2.461,0.6500595632031767,239.45654166666665,4,0,8,2008
2008-08-09,3,Very Low Consumption,5.982066666666666,2.696,10.816328804983787,1.165841784445105,0.0,489.0,1902.0,0.0,0.489,1.902,2.391,0.5571931662413214,240.71045833333332,5,1,8,2008
2008-08-10,3,Very Low Consumption,5.8671999999999995,1.064,4.352331606217617,0.7458697532229024,0.0,464.0,1905.0,0.0,0.464,1.905,2.369,0.5371841196254885,240.2648888888889,6,1,8,2008
2008-08-11,3,Very Low Consumption,6.1986,1.2,4.646210434614268,0.7146335434044631,0.0,489.0,1880.0,0.0,0.489,1.88,2.3689999999999998,0.5044687510082922,240.7183263888889,0,0,8,2008
2008-08-12,3,Very Low Consumption,4.8164,0.958,4.773689892866041,0.8196838235381501,0.0,462.0,1844.0,0.0,0.462,1.844,2.306,0.6472399856047394,240.04828472222223,1,0,8,2008
2008-08-13,3,Very Low Consumption,4.709733333333333,0.962,4.902188375845767,0.7804879975705992,0.0,451.0,1789.0,0.0,0.451,1.789,2.2399999999999998,0.6505534637488324,240.87151388888887,2,0,8,2008
2008-08-14,3,Very Low Consumption,4.5043,0.958,5.104455742290701,0.7806242127660524,0.0,441.0,1641.0,0.0,0.441,1.641,2.082,0.6585040960859624,241.14088194444443,3,0,8,2008
2008-08-15,3,Very Low Consumption,4.5609,1.008,5.304216273103993,0.8244682753345882,0.0,439.0,1691.0,0.0,0.439,1.691,2.13,0.6511068721816601,241.15816666666666,4,0,8,2008
2008-08-16,3,Very Low Consumption,4.580233333333334,1.12,5.868696645731295,0.8074140223989383,0.0,442.0,1688.0,0.0,0.442,1.688,2.13,0.6610944129483942,242.09534722222222,5,1,8,2008
2008-08-17,3,Very Low Consumption,4.579933333333333,1.018,5.3345754668918035,0.8612490828453696,0.0,445.0,1710.0,0.0,0.445,1.71,2.155,0.6532700621551987,241.18345138888887,6,1,8,2008
2008-08-18,3,Very Low Consumption,4.562633333333333,0.934,4.91295231554877,0.8146489266683565,0.0,440.0,1719.0,0.0,0.44,1.719,2.1590000000000003,0.650567289357754,241.35584027777776,0,0,8,2008
2008-08-19,3,Very Low Consumption,4.5782,0.946,4.959154252763095,0.7904136308036028,0.0,442.0,1697.0,0.0,0.442,1.697,2.1390000000000002,0.6575437216955717,240.8947361111111,1,0,8,2008
2008-08-20,3,Very Low Consumption,4.474533333333333,0.954,5.116958193033166,0.7758549435756144,0.0,437.0,1626.0,0.0,0.437,1.626,2.0629999999999997,0.6632497988617062,241.54370833333334,2,0,8,2008
2008-08-21,3,Very Low Consumption,4.354966666666667,0.926,5.103138944806314,0.7637766461180598,0.0,432.0,1577.0,0.0,0.432,1.577,2.009,0.6466639622193818,240.29566666666668,3,0,8,2008
2008-08-22,3,Very Low Consumption,4.452066666666667,1.02,5.498569952531408,0.8054136531082914,0.0,438.0,1614.0,0.0,0.438,1.614,2.052,0.6538311795271109,240.88224305555556,4,0,8,2008
2008-08-23,3,Very Low Consumption,4.244033333333333,1.02,5.768097957131974,0.7462115307285121,0.0,419.0,1485.0,0.0,0.419,1.485,1.9040000000000001,0.6653340768608479,242.14265972222222,5,1,8,2008
2008-08-24,3,Very Low Consumption,4.245266666666667,0.912,5.1558598596083485,0.7530843826051695,0.0,404.0,1523.0,0.0,0.404,1.523,1.927,0.6435009971890262,241.61341666666667,6,1,8,2008
2008-08-25,3,Very Low Consumption,4.171633333333333,0.958,5.511510279746542,0.7593497817929529,0.0,422.0,1436.0,0.0,0.422,1.436,1.8579999999999999,0.6546995980790897,241.47397222222224,0,0,8,2008
2008-08-26,3,Very Low Consumption,4.2927333333333335,0.952,5.322482955692565,0.7320466170036344,0.0,420.0,1533.0,0.0,0.42,1.533,1.9529999999999998,0.6466975198397291,241.11954861111113,1,0,8,2008
2008-08-27,3,Very Low Consumption,4.3019,1.006,5.612403821567215,0.8052987788393631,0.0,399.0,1539.0,0.0,0.399,1.539,1.938,0.6426307755487886,240.57646527777777,2,0,8,2008
2008-08-28,3,Very Low Consumption,4.470766666666666,1.18,6.33448401840102,0.8037239436033866,0.0,432.0,1631.0,0.0,0.432,1.631,2.063,0.649023657389113,240.54265277777776,3,0,8,2008
2008-08-29,3,Very Low Consumption,4.4598,0.924,4.972420287905287,0.7656091339917448,0.0,430.0,1599.0,0.0,0.43,1.599,2.029,0.6397372079465447,240.33545138888888,4,0,8,2008
2008-08-30,3,Very Low Consumption,4.507066666666666,0.924,4.920273348519363,0.7804958734068647,0.0,435.0,1619.0,0.0,0.435,1.619,2.054,0.6565689435848889,240.51399305555557,5,1,8,2008
2008-08-31,2,Low Consumption High Variability,25.0405,7.52,7.20752381142549,1.2010063165890894,2056.0,3733.0,12133.5,2.056,3.733,12.1335,17.9225,0.1400670913120744,240.01818402777778,6,1,8,2008
2008-09-01,0,Moderate Stable Consumption,20.791833333333333,4.184,4.829588540372422,0.8953318692072018,950.0,521.0,10183.0,0.95,0.521,10.183,11.654,0.14788338370033102,239.9159097222222,0,0,9,2008
2008-09-02,2,Low Consumption High Variability,23.069233333333333,4.962,5.162200159808807,0.9711894498650687,4273.0,1206.0,6648.0,4.273,1.206,6.648,12.126999999999999,0.1622897452162115,239.3289652777778,1,0,9,2008
2008-09-03,2,Low Consumption High Variability,23.141433333333335,5.61,5.818135724811053,0.8986075958538282,1326.0,1902.0,10213.0,1.326,1.902,10.213,13.440999999999999,0.12912481652677807,240.0294583333333,2,0,9,2008
2008-09-04,2,Low Consumption High Variability,20.420333333333335,7.02,8.250599892264246,0.982885752295587,2225.0,404.0,9408.0,2.225,0.404,9.408,12.036999999999999,0.12395488157228905,238.66349305555556,3,0,9,2008
2008-09-05,2,Low Consumption High Variability,14.566,4.952,8.15927502402856,1.1128217840701802,379.0,431.0,6943.0,0.379,0.431,6.943,7.753,0.16846995285825436,239.59059027777778,4,0,9,2008
2008-09-06,1,High Consumption High Demand,31.1429,6.0,4.623846847917181,0.8844347503680107,2948.0,6500.0,13400.0,2.948,6.5,13.4,22.848,0.12752612419952325,239.33977777777778,5,1,9,2008
2008-09-07,2,Low Consumption High Variability,22.877599999999997,6.146,6.447529461132287,1.1609306213105768,3612.0,1707.0,5976.0,3.612,1.707,5.976,11.295,0.12854203820913615,240.58868750000002,6,1,9,2008
2008-09-08,2,Low Consumption High Variability,21.822066666666668,5.916,6.506441491945462,1.072378348503703,747.0,2293.0,9559.0,0.747,2.293,9.559,12.599,0.1226388579144658,241.3818263888889,0,0,9,2008
2008-09-09,0,Moderate Stable Consumption,19.327566666666666,5.02,6.233583465412959,0.9214095082569294,236.0,453.0,7728.0,0.236,0.453,7.728,8.417,0.15579647032649394,239.78166666666664,1,0,9,2008
2008-09-10,2,Low Consumption High Variability,21.679399999999998,5.858,6.485050324270967,0.9827373313781278,1009.0,399.0,10281.0,1.009,0.399,10.281,11.689,0.12794788293648965,239.48058333333333,2,0,9,2008
2008-09-11,2,Low Consumption High Variability,17.145233333333334,4.206,5.88758391545172,0.9253325654548544,1005.0,417.0,7644.0,1.005,0.417,7.644,9.066,0.1866777355027734,239.09980555555555,3,0,9,2008
2008-09-12,2,Low Consumption High Variability,23.212699999999998,6.29,6.5033365356033555,0.9753660596571838,1867.0,402.0,8738.0,1.867,0.402,8.738,11.007,0.12801756509726717,239.9683125,4,0,9,2008
2008-09-13,1,High Consumption High Demand,27.1906,6.306,5.566041205416578,1.002586743389963,930.0,5433.0,11807.0,0.93,5.433,11.807,18.17,0.11412767647642937,240.1245486111111,5,1,9,2008
2008-09-14,2,Low Consumption High Variability,26.272100000000002,5.128,4.684513228862558,1.022083496538753,4673.0,445.0,6538.0,4.673,0.445,6.538,11.656,0.12290985494117335,239.8889861111111,6,1,9,2008
2008-09-15,0,Moderate Stable Consumption,28.295133333333336,5.278,4.476812266891597,0.7043092237960593,960.0,364.0,10322.0,0.96,0.364,10.322,11.645999999999999,0.08017750991336554,240.25590972222224,0,0,9,2008
2008-09-16,0,Moderate Stable Consumption,20.36436666666667,6.788,7.99985595754676,0.874668058081214,0.0,368.0,8249.0,0.0,0.368,8.249,8.617,0.12772309802579995,240.94875000000002,1,0,9,2008
2008-09-17,1,High Consumption High Demand,25.32016666666667,5.91,5.601858860855312,0.9648433060839947,1910.0,3727.0,9371.0,1.91,3.727,9.371,15.008,0.11661850567071043,240.6566736111111,2,0,9,2008
2008-09-18,2,Low Consumption High Variability,25.088166666666666,6.08,5.816287891369769,1.0504415235267208,4202.0,357.0,7991.0,4.202,0.357,7.991,12.55,0.12580698735791773,240.3271388888889,3,0,9,2008
2008-09-19,0,Moderate Stable Consumption,25.3141,6.296,5.969163430657223,0.8512040815150066,1569.0,351.0,12367.0,1.569,0.351,12.367,14.287,0.10979915014425426,240.3571111111111,4,0,9,2008
2008-09-20,0,Moderate Stable Consumption,21.743333333333332,4.202,4.638111298482293,0.6750614415415687,0.0,370.0,12477.0,0.0,0.37,12.477,12.847,0.11973325157136287,240.59411805555558,5,1,9,2008
2008-09-21,2,Low Consumption High Variability,25.551166666666667,6.862,6.445419974299935,1.0994343066096899,4010.0,2381.0,8347.0,4.01,2.381,8.347,14.738,0.1345418017442126,240.94015972222223,6,1,9,2008
2008-09-22,2,Low Consumption High Variability,22.642733333333336,7.318,7.756660709396097,1.158723441858407,1014.0,2448.0,10227.0,1.014,2.448,10.227,13.689,0.11153247105031487,240.2091597222222,0,0,9,2008
2008-09-23,2,Low Consumption High Variability,20.546466666666667,5.714,6.674432262481465,0.9641802071368183,0.0,2168.0,7920.0,0.0,2.168,7.92,10.088000000000001,0.13394679377151628,240.18336111111108,1,0,9,2008
2008-09-24,1,High Consumption High Demand,28.639166666666664,6.412,5.373340704745832,0.8524563192278768,2019.0,4730.0,10548.0,2.019,4.73,10.548,17.297,0.10095265807315158,240.1257916666667,2,0,9,2008
2008-09-25,2,Low Consumption High Variability,18.853666666666665,5.774,7.3500822121249625,1.0227047547580748,1012.0,751.0,8485.0,1.012,0.751,8.485,10.248,0.15361291349162853,240.2903263888889,3,0,9,2008
2008-09-26,0,Moderate Stable Consumption,23.8575,6.012,6.047909462433196,0.9532182457127144,1221.0,370.0,10890.0,1.221,0.37,10.89,12.481000000000002,0.14780257780572145,240.39362500000001,4,0,9,2008
2008-09-27,1,High Consumption High Demand,35.457433333333334,5.688,3.8500248654959988,0.8849548728208289,4347.0,2584.0,12688.0,4.347,2.584,12.688,19.619,0.12082092800475314,240.14647916666667,5,1,9,2008
2008-09-28,0,Moderate Stable Consumption,28.851733333333335,5.992,4.984379910161376,0.8162505256836318,1920.0,385.0,11242.0,1.92,0.385,11.242,13.547,0.09471874595633767,240.27841666666666,6,1,9,2008
2008-09-29,0,Moderate Stable Consumption,25.02896666666667,4.288,4.111715891853306,0.7665093336412387,1014.0,363.0,10677.0,1.014,0.363,10.677,12.054,0.13280079481241067,240.26402083333335,0,0,9,2008
2008-09-30,2,Low Consumption High Variability,22.916766666666668,5.532,5.793487446600232,1.065543278119856,998.0,360.0,7415.0,0.998,0.36,7.415,8.773,0.11279368962753616,240.58377083333335,1,0,9,2008
2008-10-01,1,High Consumption High Demand,31.20606666666667,6.254,4.809833985272094,0.8653906376985675,2249.0,5800.0,10808.0,2.249,5.8,10.808,18.857,0.09680596294310295,241.12861111111113,2,0,10,2008
2008-10-02,0,Moderate Stable Consumption,22.42236666666667,6.048,6.473536097141099,0.8824255926398407,0.0,367.0,9060.0,0.0,0.367,9.06,9.427,0.11422820368352432,240.32824305555553,3,0,10,2008
2008-10-03,2,Low Consumption High Variability,26.87633333333333,4.7,4.197001079016235,0.9953127256196139,4801.0,349.0,9432.0,4.801,0.349,9.432,14.582,0.0983504694340746,239.84200694444445,4,0,10,2008
2008-10-04,0,Moderate Stable Consumption,35.00826666666667,5.57,3.818526671795614,0.6239822464310749,3462.0,629.0,12573.0,3.462,0.629,12.573,16.664,0.10292807032243813,240.1744027777778,5,1,10,2008
2008-10-05,1,High Consumption High Demand,25.8325,5.698,5.293796574083035,0.9694219105568219,990.0,3257.0,6071.0,0.99,3.257,6.071,10.318,0.09438756088906093,240.13754166666666,6,1,10,2008
2008-10-06,0,Moderate Stable Consumption,23.729699999999998,6.052,6.120937053565784,0.8404371465328331,990.0,286.0,9562.0,0.99,0.286,9.562,10.838,0.08793761966368446,239.1190763888889,0,0,10,2008
2008-10-07,0,Moderate Stable Consumption,28.776133333333334,6.536,5.4511840831059075,0.8076934473044334,1016.0,419.0,9476.0,1.016,0.419,9.476,10.911000000000001,0.10844287627246654,238.85286805555555,1,0,10,2008
2008-10-08,1,High Consumption High Demand,31.0096,5.112,3.956452195449151,0.7351767430687515,1044.0,5126.0,11650.0,1.044,5.126,11.65,17.82,0.08191549283662693,240.0490138888889,2,0,10,2008
2008-10-09,1,High Consumption High Demand,33.061366666666665,6.486,4.708335307776146,0.8294372400931936,1032.0,3064.0,11652.0,1.032,3.064,11.652,15.748,0.09169816533093511,239.2754236111111,3,0,10,2008
2008-10-10,0,Moderate Stable Consumption,25.305633333333333,5.952,5.644909104560382,0.6911374168724596,0.0,389.0,12046.0,0.0,0.389,12.046,12.434999999999999,0.09750398132695093,239.63485416666666,4,0,10,2008
2008-10-11,1,High Consumption High Demand,27.8231,6.362,5.487814082542923,0.7766824738050581,2144.0,2335.0,11373.0,2.144,2.335,11.373,15.852,0.09275745693326769,239.18261805555554,5,1,10,2008
2008-10-12,1,High Consumption High Demand,31.799,8.22,6.203968678260322,1.1351226280531725,2561.0,5822.0,7171.0,2.561,5.822,7.171,15.553999999999998,0.08480665010430097,240.15154166666665,6,1,10,2008
2008-10-13,0,Moderate Stable Consumption,24.366266666666665,6.784,6.682024875921357,0.8796558269010409,1037.0,535.0,9483.0,1.037,0.535,9.483,11.055,0.10116034736548345,240.80942361111113,0,0,10,2008
2008-10-14,0,Moderate Stable Consumption,26.817600000000002,5.592,5.004474673348845,0.7984539804554532,1177.0,442.0,9939.0,1.177,0.442,9.939,11.558,0.10210085913728298,239.21572916666668,1,0,10,2008
2008-10-15,1,High Consumption High Demand,35.94826666666667,6.496,4.336898951085264,0.7295920280531709,1998.0,7042.0,9984.0,1.998,7.042,9.984,19.024,0.07810390487070308,239.5067916666667,2,0,10,2008
2008-10-16,0,Moderate Stable Consumption,26.39466666666667,4.376,3.978985653667408,0.7556744942441611,951.0,429.0,8438.0,0.951,0.429,8.438,9.818000000000001,0.08640634471610427,239.26284722222223,3,0,10,2008
2008-10-17,1,High Consumption High Demand,31.114766666666664,6.246,4.817776768372574,0.9833252479579575,2036.0,3187.0,9639.0,2.036,3.187,9.639,14.861999999999998,0.08223426604516826,240.047625,4,0,10,2008
2008-10-18,0,Moderate Stable Consumption,37.319833333333335,7.146,4.595518915322058,0.8867502991759056,799.0,1655.0,12146.0,0.799,1.655,12.146,14.600000000000001,0.0726280485354079,239.83543055555558,5,1,10,2008
2008-10-19,1,High Consumption High Demand,32.865566666666666,10.29,7.514247434244756,1.1707632328979234,698.0,8010.0,4600.0,0.698,8.01,4.6,13.308,0.09209030322515864,240.04254861111113,6,1,10,2008
2008-10-20,0,Moderate Stable Consumption,27.79256666666667,6.124,5.288320498166776,0.8465792709443963,844.0,2648.0,10475.0,0.844,2.648,10.475,13.966999999999999,0.08264320075991544,240.43249305555554,0,0,10,2008
2008-10-21,1,High Consumption High Demand,34.395266666666664,6.156,4.295474764938587,0.8213788133597484,857.0,2663.0,11331.0,0.857,2.663,11.331,14.850999999999999,0.07382023495480967,239.7306875,1,0,10,2008
2008-10-22,0,Moderate Stable Consumption,27.4335,5.174,4.526436655913391,0.783190167393487,662.0,2542.0,8487.0,0.662,2.542,8.487,11.690999999999999,0.09073091901021256,240.8157638888889,2,0,10,2008
2008-10-23,0,Moderate Stable Consumption,30.508233333333333,6.974,5.486256715400325,0.9472708341903969,815.0,1435.0,10587.0,0.815,1.435,10.587,12.837,0.08806802972312393,240.39904166666668,3,0,10,2008
2008-10-24,1,High Consumption High Demand,35.55376666666667,7.978,5.385420953991748,1.0970321708759745,7893.0,2277.0,10284.0,7.893,2.277,10.284,20.454,0.07876052513892105,240.41369444444442,4,0,10,2008
2008-10-25,0,Moderate Stable Consumption,26.632216666666668,5.056,4.556286152172839,0.7365700566004506,737.0,458.5,14185.5,0.737,0.4585,14.1855,15.381,0.07838626525642815,240.8847777777778,5,1,10,2008
2008-10-26,3,Very Low Consumption,8.724866666666665,1.518,4.175651203838837,0.8053066044510193,0.0,360.0,2013.0,0.0,0.36,2.013,2.3729999999999998,0.22069105163020641,242.12346527777777,6,1,10,2008
2008-10-27,3,Very Low Consumption,8.731533333333335,1.538,4.227436189138219,0.8110736145292352,0.0,402.0,1967.0,0.0,0.402,1.967,2.369,0.24619196322906248,242.22805555555558,0,0,10,2008
2008-10-28,2,Low Consumption High Variability,22.1215,5.018,5.444115453292047,1.1531290276767612,2263.0,362.0,5090.0,2.263,0.362,5.09,7.715,0.10930241318777359,241.32679166666668,1,0,10,2008
2008-10-29,0,Moderate Stable Consumption,26.876266666666666,5.042,4.502411049153652,0.6235172982785958,1037.0,345.0,4015.0,1.037,0.345,4.015,5.396999999999999,0.08265160835830375,241.78959722222223,2,0,10,2008
2008-10-30,0,Moderate Stable Consumption,18.31,2.626,3.4420535226652107,0.5016823230671851,0.0,345.0,2619.0,0.0,0.345,2.619,2.9640000000000004,0.11198616420899328,242.08329166666667,3,0,10,2008
2008-10-31,0,Moderate Stable Consumption,21.430533333333337,3.178,3.5590341506510956,0.7452947515935265,0.0,312.0,10483.0,0.0,0.312,10.483,10.795,0.08115212562760919,241.32977083333333,4,0,10,2008
2008-11-01,3,Very Low Consumption,13.841633333333334,1.672,2.899079829210907,0.49801643316228783,0.0,344.0,1939.0,0.0,0.344,1.939,2.283,0.1368720936113031,241.8102361111111,5,1,11,2008
2008-11-02,0,Moderate Stable Consumption,15.1769,2.29,3.621292885898965,0.5811513683832941,0.0,346.0,2824.0,0.0,0.346,2.824,3.17,0.13229754868692992,242.15574305555558,6,1,11,2008
2008-11-03,0,Moderate Stable Consumption,14.126666666666667,2.682,4.556488909863143,0.6575666618203783,963.0,347.0,1892.0,0.963,0.347,1.892,3.202,0.13596979707409154,241.76511805555558,0,0,11,2008
2008-11-04,1,High Consumption High Demand,26.0386,7.816,7.2040739517485575,1.358156898267163,0.0,6214.0,4106.0,0.0,6.214,4.106,10.32,0.07775379628705076,240.80244444444446,1,0,11,2008
2008-11-05,1,High Consumption High Demand,52.24883333333333,8.862,4.0706746243137815,0.7613740915447792,7597.0,10409.0,8362.0,7.597,10.409,8.362,26.368000000000002,0.0822410707735101,239.48077083333334,2,0,11,2008
2008-11-06,0,Moderate Stable Consumption,26.47396666666667,6.71,6.082956967788482,0.8183954514897018,1033.0,430.0,6734.0,1.033,0.43,6.734,8.197,0.11424304883161948,240.39021527777777,3,0,11,2008
2008-11-07,0,Moderate Stable Consumption,26.9864,4.724,4.2012272848545935,0.6963486180444916,1032.0,389.0,10421.0,1.032,0.389,10.421,11.841999999999999,0.06792804276722102,239.75178472222223,4,0,11,2008
2008-11-08,1,High Consumption High Demand,28.88563333333333,5.978,4.966898192757877,0.8547953888542095,1114.0,3271.0,6069.0,1.114,3.271,6.069,10.454,0.0768363511734207,239.30802777777777,5,1,11,2008
2008-11-09,1,High Consumption High Demand,42.975633333333334,5.638,3.148574890112149,0.740423191775349,6301.0,661.0,14348.0,6.301,0.661,14.348,21.310000000000002,0.08180837358223925,238.45406944444443,6,1,11,2008
2008-11-10,0,Moderate Stable Consumption,35.24056666666667,5.672,3.8628209724209874,0.7077926788528014,1023.0,355.0,10354.0,1.023,0.355,10.354,11.732,0.0743092477703253,239.63163194444445,0,0,11,2008
2008-11-11,0,Moderate Stable Consumption,40.9325,5.348,3.1356990166737924,0.6423945689117415,2475.0,2288.0,14651.0,2.475,2.288,14.651,19.414,0.05215089883751706,239.87869444444445,1,0,11,2008
2008-11-12,1,High Consumption High Demand,36.5019,7.072,4.649840145307504,0.5218854183808063,1066.0,2745.0,9430.0,1.066,2.745,9.43,13.241,0.07267018977094343,240.38623611111112,2,0,11,2008
2008-11-13,0,Moderate Stable Consumption,20.641000000000002,5.828,6.776415871324064,0.8786575802632606,0.0,338.0,6315.0,0.0,0.338,6.315,6.6530000000000005,0.1012741630734945,241.59792361111113,3,0,11,2008
2008-11-14,0,Moderate Stable Consumption,27.02896666666667,4.898,4.349111878737502,0.7460912640726148,2092.0,325.0,9929.0,2.092,0.325,9.929,12.346,0.07886230698176895,241.02181944444445,4,0,11,2008
2008-11-15,1,High Consumption High Demand,50.52713333333334,7.732,3.672640574635147,0.7880920597755394,3952.0,3799.0,15635.0,3.952,3.799,15.635,23.386,0.05447897961095491,238.63411805555555,5,1,11,2008
2008-11-16,1,High Consumption High Demand,39.42386666666666,6.466,3.9362957802211187,0.7568201784453887,4791.0,1829.0,8945.0,4.791,1.829,8.945,15.565000000000001,0.06896414692960948,240.4941388888889,6,1,11,2008
2008-11-17,0,Moderate Stable Consumption,25.393933333333333,5.094,4.814378237321776,0.7018521510358061,0.0,378.0,10590.0,0.0,0.378,10.59,10.968,0.07801994702146707,241.13493055555554,0,0,11,2008
2008-11-18,0,Moderate Stable Consumption,29.15083333333333,7.71,6.347674451845288,0.8177819059228023,1079.0,369.0,11204.0,1.079,0.369,11.204,12.652000000000001,0.07963294359795318,239.90204166666666,1,0,11,2008
2008-11-19,1,High Consumption High Demand,30.670633333333335,5.804,4.5416734139823225,0.81350050098368,1737.0,3026.0,8704.0,1.737,3.026,8.704,13.467,0.09045134379357453,240.53961805555554,2,0,11,2008
2008-11-20,0,Moderate Stable Consumption,28.2056,5.254,4.470601582664435,0.8559754260944464,1034.0,347.0,7732.0,1.034,0.347,7.732,9.113,0.07161225666770665,239.81811805555557,3,0,11,2008
2008-11-21,0,Moderate Stable Consumption,27.898833333333336,4.628,3.98124174846021,0.698298771795055,1039.0,348.0,10396.0,1.039,0.348,10.396,11.783000000000001,0.07620031900975548,239.9283333333333,4,0,11,2008
2008-11-22,0,Moderate Stable Consumption,28.5228,7.366,6.197988977239261,0.8857915083411076,1093.0,882.0,8320.0,1.093,0.882,8.32,10.295,0.07296385114130917,239.7318125,5,1,11,2008
2008-11-23,1,High Consumption High Demand,56.790083333333335,8.556,3.61584255467137,0.8357765197171141,3631.0,8829.5,10288.5,3.631,8.8295,10.2885,22.749000000000002,0.06077176032787415,239.15058333333334,6,1,11,2008
2008-11-24,0,Moderate Stable Consumption,53.54996666666667,7.73,3.4644279268147695,0.4279958895389588,1063.0,510.0,13378.0,1.063,0.51,13.378,14.951,0.03785187541355457,240.3594861111111,0,0,11,2008
2008-11-25,0,Moderate Stable Consumption,45.0475,6.734,3.587679671457906,0.6019746647961225,3010.0,345.0,10471.0,3.01,0.345,10.471,13.826,0.05570564404239969,240.93060416666668,1,0,11,2008
2008-11-26,0,Moderate Stable Consumption,25.2659,5.956,5.657585916195347,0.9214724977835479,909.0,304.0,10002.0,0.909,0.304,10.002,11.215,0.07915543611481614,242.40089583333332,2,0,11,2008
2008-11-27,0,Moderate Stable Consumption,39.3703,7.468,4.552467215134251,0.7557869530248833,2491.0,330.0,12440.0,2.491,0.33,12.44,15.261,0.05343198637890322,241.4400138888889,3,0,11,2008
2008-11-28,0,Moderate Stable Consumption,31.43273333333333,5.07,3.8711237330086896,0.8035070889691209,1113.0,295.0,11361.0,1.113,0.295,11.361,12.769,0.0680956794509333,243.06651388888892,4,0,11,2008
2008-11-29,1,High Consumption High Demand,40.5778,8.114,4.799077327997082,0.8225227723891354,5268.0,2392.0,12386.0,5.268,2.392,12.386,20.046,0.0683912549883598,241.24075694444446,5,1,11,2008
2008-11-30,1,High Consumption High Demand,40.023133333333334,10.348,6.205211319453583,0.8881756921010113,1161.0,3481.0,11474.0,1.161,3.481,11.474,16.116,0.07116884068713594,242.3745625,6,1,11,2008
2008-12-01,0,Moderate Stable Consumption,26.9423,5.932,5.284181380208818,0.7827238223679377,1085.0,309.0,9013.0,1.085,0.309,9.013,10.407,0.07341491508396339,243.4458402777778,0,0,12,2008
2008-12-02,0,Moderate Stable Consumption,29.890733333333333,6.366,5.1114169162795156,0.6860971911565652,0.0,304.0,11343.0,0.0,0.304,11.343,11.647,0.08135631778856768,243.37936805555555,1,0,12,2008
2008-12-03,0,Moderate Stable Consumption,29.25273333333333,5.88,4.824164579492287,0.7782364927980232,1137.0,302.0,9664.0,1.137,0.302,9.664,11.103,0.07106002629953667,243.38372916666668,2,0,12,2008
2008-12-04,0,Moderate Stable Consumption,28.9773,4.726,3.9142363160128797,0.777564719052591,1085.0,281.0,11314.0,1.085,0.281,11.314,12.68,0.06556281411081548,243.46313888888886,3,0,12,2008
2008-12-05,0,Moderate Stable Consumption,34.3103,6.13,4.287925200304281,0.6669682393782838,831.0,310.0,9852.0,0.831,0.31,9.852,10.993,0.05830416327847129,242.9759097222222,4,0,12,2008
2008-12-06,1,High Consumption High Demand,42.06393333333333,7.494,4.275777031471142,0.8222800222172103,4005.0,5749.0,9048.0,4.005,5.749,9.048,18.802,0.07454684060295519,241.13656250000003,5,1,12,2008
2008-12-07,0,Moderate Stable Consumption,41.11233333333333,4.996,2.916497077113924,0.6848723971249722,3294.0,310.0,13627.0,3.294,0.31,13.627,17.231,0.07306161168181487,242.23854166666666,6,1,12,2008
2008-12-08,0,Moderate Stable Consumption,31.143933333333333,5.512,4.247633032864613,0.6737614534221579,1117.0,296.0,13256.0,1.117,0.296,13.256,14.669,0.0646364514009149,243.73161805555557,0,0,12,2008
2008-12-09,1,High Consumption High Demand,33.385733333333334,7.136,5.129855866577739,0.8498853703672429,1985.0,2553.0,12886.0,1.985,2.553,12.886,17.424,0.06615400590272091,243.5556527777778,1,0,12,2008
2008-12-11,0,Moderate Stable Consumption,23.875366666666665,5.614,5.6433060015832215,0.9231391366869465,1160.0,273.0,7979.0,1.16,0.273,7.979,9.411999999999999,0.08021936137804515,243.41836111111112,3,0,12,2008
2008-12-12,0,Moderate Stable Consumption,30.258899999999997,5.202,4.125992683144464,0.7208719332877971,1157.0,255.0,12154.0,1.157,0.255,12.154,13.565999999999999,0.07674987083689978,243.04302083333334,4,0,12,2008
2008-12-13,0,Moderate Stable Consumption,30.426233333333336,6.434,5.075094189553532,0.9043620322391658,2186.0,261.0,9271.0,2.186,0.261,9.271,11.718,0.08943926677308067,241.5385486111111,5,1,12,2008
2008-12-14,1,High Consumption High Demand,33.36866666666666,6.006,4.319741074461072,0.876320253740471,3742.0,2497.0,5415.0,3.742,2.497,5.415,11.654,0.08192016462549699,241.62279861111114,6,1,12,2008
2008-12-15,0,Moderate Stable Consumption,29.924166666666668,4.94,3.9620150937090983,0.7348191707497612,1178.0,252.0,9668.0,1.178,0.252,9.668,11.097999999999999,0.06335124899050378,243.0392013888889,0,0,12,2008
2008-12-16,0,Moderate Stable Consumption,29.9515,6.164,4.939185015775504,0.7338776849065602,0.0,253.0,11334.0,0.0,0.253,11.334,11.587,0.06376864820348452,243.87990277777777,1,0,12,2008
2008-12-17,0,Moderate Stable Consumption,34.97976666666667,4.936,3.386643516775888,0.7910581608982031,4251.0,284.0,10813.0,4.251,0.284,10.813,15.348,0.0649022816046991,243.3135138888889,2,0,12,2008
2008-12-18,0,Moderate Stable Consumption,28.949,5.266,4.365746657915645,0.7211561855987203,1125.0,258.0,11293.0,1.125,0.258,11.293,12.675999999999998,0.06797586560272663,242.8590625,3,0,12,2008
2008-12-19,0,Moderate Stable Consumption,31.368533333333335,5.238,4.0075829706202395,0.757595990160012,1538.0,296.0,11773.0,1.538,0.296,11.773,13.607,0.07021580012241567,241.8661736111111,4,0,12,2008
2008-12-20,1,High Consumption High Demand,37.402699999999996,6.224,3.9937223783309763,0.7987599611577887,1133.5,6479.0,12837.0,1.1335,6.479,12.837,20.4495,0.07167040525594855,242.56537152777778,5,1,12,2008
2008-12-21,1,High Consumption High Demand,44.06016666666667,7.212,3.928446329072745,0.8498572924873081,1099.0,9189.0,14816.0,1.099,9.189,14.816,25.104,0.05109376950457897,241.72008333333332,6,1,12,2008
2008-12-22,0,Moderate Stable Consumption,33.5968,5.388,3.8489379940946757,0.7024276924167159,2157.0,391.0,10433.0,2.157,0.391,10.433,12.981,0.061945383687335306,241.86449305555556,0,0,12,2008
2008-12-23,1,High Consumption High Demand,29.968133333333334,6.8,5.445784633455093,0.8402766906815115,2666.0,2115.0,8326.0,2.666,2.115,8.326,13.107000000000001,0.08402258398921522,241.77054861111114,1,0,12,2008
2008-12-24,0,Moderate Stable Consumption,21.160633333333333,3.878,4.398356066847401,0.765073923197066,0.0,364.0,9981.0,0.0,0.364,9.981,10.345,0.09082746420633282,243.960625,2,0,12,2008
2008-12-25,0,Moderate Stable Consumption,17.685299999999998,4.814,6.532883242014555,0.8677596421804635,0.0,285.0,3598.0,0.0,0.285,3.598,3.883,0.1101498608071864,243.2330625,3,0,12,2008
2008-12-26,0,Moderate Stable Consumption,20.395533333333333,4.11,4.83635305769564,0.8680492519191992,1121.0,279.0,7796.0,1.121,0.279,7.796,9.196,0.1015107883098587,244.35365972222223,4,0,12,2008
2008-12-27,0,Moderate Stable Consumption,49.53606666666667,5.548,2.6879808785787054,0.3594740161407871,0.0,244.0,12209.0,0.0,0.244,12.209,12.453,0.0397461243726793,243.31189583333332,5,1,12,2008
2008-12-28,0,Moderate Stable Consumption,26.177366666666668,4.08,3.740635994707896,0.7507778713541865,1953.0,217.0,5291.0,1.953,0.217,5.291,7.461,0.07146631759497073,244.56038194444446,6,1,12,2008
2008-12-29,3,Very Low Consumption,9.254633333333334,2.478,6.426186522786785,0.9597285114023927,0.0,218.0,2480.0,0.0,0.218,2.48,2.698,0.16503084941236643,244.95475694444443,0,0,12,2008
2008-12-30,0,Moderate Stable Consumption,19.920633333333335,4.14,4.987793226118981,0.894397109757624,0.0,245.0,7145.0,0.0,0.245,7.145,7.39,0.09471419081387975,244.63816666666668,1,0,12,2008
2008-12-31,0,Moderate Stable Consumption,32.736466666666665,6.026,4.4178255849236425,0.8255148311202521,2975.0,246.0,11860.0,2.975,0.246,11.86,15.081,0.06581447397092334,243.29661805555557,2,0,12,2008
2009-01-01,1,High Consumption High Demand,23.444866666666666,8.584,8.787254068410142,1.0363944047839775,765.0,3845.0,2803.0,0.765,3.845,2.803,7.413,0.08009429214071026,242.8360625,3,0,1,2009
2009-01-02,1,High Consumption High Demand,38.79183333333334,7.6,4.702020614304557,0.8416909618636489,2417.0,6018.0,11841.0,2.417,6.018,11.841,20.275999999999996,0.08796095398086365,242.7048888888889,4,0,1,2009
2009-01-03,1,High Consumption High Demand,31.8916,6.698,5.040574947635114,0.9205352818342508,6440.0,328.0,10439.0,6.44,0.328,10.439,17.207,0.09140965019001868,243.68145833333332,5,1,1,2009
2009-01-04,1,High Consumption High Demand,32.33323333333333,5.274,3.9147337569085265,0.9161593613565063,1457.0,5251.0,3245.0,1.457,5.251,3.245,9.953,0.08625696780505507,244.82243055555554,6,1,1,2009
2009-01-05,0,Moderate Stable Consumption,26.733333333333334,5.53,4.964588528678305,0.9035388598338084,1247.0,322.0,8650.0,1.247,0.322,8.65,10.219000000000001,0.08038528678304238,244.83077777777777,0,0,1,2009
2009-01-06,0,Moderate Stable Consumption,28.16436666666667,6.038,5.14522487635085,0.6840960306009297,0.0,254.0,12462.0,0.0,0.254,12.462,12.716,0.06838191520964433,245.09266666666667,1,0,1,2009
2009-01-07,1,High Consumption High Demand,34.6712,6.256,4.330510625533584,0.825607327419176,2687.0,3820.0,9979.0,2.687,3.82,9.979,16.485999999999997,0.06802187406262258,246.0406388888889,2,0,1,2009
2009-01-08,0,Moderate Stable Consumption,27.221166666666665,5.254,4.632277578110171,0.8750903483146413,2773.0,299.0,10075.0,2.773,0.299,10.075,13.146999999999998,0.07615029970549878,245.3507361111111,3,0,1,2009
2009-01-09,0,Moderate Stable Consumption,29.8117,5.512,4.437452409624409,0.8383152435058645,1802.0,272.0,9285.0,1.802,0.272,9.285,11.359,0.06461221600915076,244.62240972222224,4,0,1,2009
2009-01-10,1,High Consumption High Demand,35.04913333333333,8.78,6.012131541055698,1.0066099869149345,2828.0,4288.0,12539.0,2.828,4.288,12.539,19.655,0.07690822597610593,244.12048611111112,5,1,1,2009
2009-01-11,1,High Consumption High Demand,32.93313333333334,6.418,4.677113423765731,1.0690176701183993,4521.0,5301.0,5887.0,4.521,5.301,5.887,15.709,0.07249031876711802,245.5315486111111,6,1,1,2009
2009-01-12,0,Moderate Stable Consumption,26.48796666666667,4.552,4.124438896152844,0.6367885361429062,0.0,261.0,12147.0,0.0,0.261,12.147,12.408,0.07074155685789395,245.52706944444444,0,0,1,2009
2009-01-13,0,Moderate Stable Consumption,36.376666666666665,6.876,4.53653440850362,0.6283302972384781,1140.0,329.0,16194.0,1.14,0.329,16.194,17.663,0.06145972693118299,244.45834027777778,1,0,1,2009
2009-01-14,0,Moderate Stable Consumption,29.692983333333334,5.694,4.602299420906959,0.8715488457504038,2278.5,332.0,10316.5,2.2785,0.332,10.3165,12.927,0.06778369075971372,244.60247916666668,2,0,1,2009
2009-01-15,0,Moderate Stable Consumption,26.0678,5.348,4.923775692616945,0.9553069717073636,2731.0,390.0,9561.0,2.731,0.39,9.561,12.682,0.07387530465427335,243.02127777777778,3,0,1,2009
2009-01-16,1,High Consumption High Demand,46.109233333333336,8.108,4.2202393302281465,0.9344027991086243,5811.0,3158.0,15220.0,5.811,3.158,15.22,24.189,0.06503397367266281,242.56897222222221,4,0,1,2009
2009-01-17,1,High Consumption High Demand,55.297000000000004,6.738,2.9244262799066854,0.4644270792469908,2477.0,3154.0,15322.0,2.477,3.154,15.322,20.953,0.049594010524983266,241.63154166666666,5,1,1,2009
2009-01-18,1,High Consumption High Demand,52.5699,7.594,3.466926891624295,0.7902104125767542,5649.0,6701.0,12727.0,5.649,6.701,12.727,25.076999999999998,0.06652729667230362,242.64408333333333,6,1,1,2009
2009-01-19,0,Moderate Stable Consumption,28.3311,6.15,5.209822421296738,0.9049350095027724,1118.0,376.0,10279.0,1.118,0.376,10.279,11.773,0.07016670725810152,243.1261736111111,0,0,1,2009
2009-01-20,0,Moderate Stable Consumption,28.967133333333333,5.848,4.845215382030669,0.6295847416507896,0.0,282.0,13727.0,0.0,0.282,13.727,14.009,0.07702982920873541,243.39985416666664,1,0,1,2009
2009-01-21,0,Moderate Stable Consumption,28.990566666666666,6.08,5.033361426762959,0.830220471909579,1148.0,2159.0,9830.0,1.148,2.159,9.83,13.137,0.07361245094668727,244.10518749999997,2,0,1,2009
2009-01-22,0,Moderate Stable Consumption,20.6226,3.43,3.991737220331093,0.7845880493252053,0.0,341.0,8246.0,0.0,0.341,8.246,8.587,0.09342501268834513,244.00635416666668,3,0,1,2009
2009-01-23,0,Moderate Stable Consumption,31.842266666666667,5.952,4.486112797665158,0.7408792065224188,2078.0,295.0,12146.0,2.078,0.295,12.146,14.519,0.06610605610153382,242.76895138888887,4,0,1,2009
2009-01-24,1,High Consumption High Demand,36.6795,8.556,5.5983314930683346,1.0209211448555613,5096.0,4492.0,8322.0,5.096,4.492,8.322,17.91,0.07723387723387723,243.25075694444448,5,1,1,2009
2009-01-25,1,High Consumption High Demand,47.394400000000005,9.59,4.85626993906453,0.6548224220595926,3971.0,5960.0,11213.0,3.971,5.96,11.213,21.144,0.05196324178946598,242.54399305555555,6,1,1,2009
2009-01-26,0,Moderate Stable Consumption,27.907866666666667,4.316,3.7116416398721506,0.7312787472070228,1121.0,348.0,9821.0,1.121,0.348,9.821,11.29,0.06764878719978595,243.20027083333335,0,0,1,2009
2009-01-27,0,Moderate Stable Consumption,23.7505,5.12,5.173785815035473,0.8233331233472034,896.0,278.0,6608.0,0.896,0.278,6.608,7.782,0.09518115408096671,243.9376041666667,1,0,1,2009
2009-01-28,1,High Consumption High Demand,45.36223333333333,6.87,3.634741675711146,0.7471005023882243,2301.0,6949.0,14285.0,2.301,6.949,14.285,23.535,0.04262723690118138,243.03222222222223,2,0,1,2009
2009-01-29,0,Moderate Stable Consumption,26.2283,4.608,4.2165142231864055,0.6554890848030099,0.0,294.0,8996.0,0.0,0.294,8.996,9.290000000000001,0.06628082389378394,243.36284722222223,3,0,1,2009
2009-01-30,0,Moderate Stable Consumption,34.3173,5.46,3.8184822232518294,0.6989055194694545,1622.0,280.0,12147.0,1.622,0.28,12.147,14.049,0.058325295599207,244.28983333333332,4,0,1,2009
2009-01-31,1,High Consumption High Demand,55.2142,7.164,3.113981548224913,0.7495900761759581,8278.0,6575.0,15309.0,8.278,6.575,15.309,30.162,0.07205634299389166,242.47138194444443,5,1,1,2009
2009-02-01,1,High Consumption High Demand,30.786166666666666,6.56,5.113985177325314,0.8552018413428824,3330.0,622.0,7494.0,3.33,0.622,7.494,11.446,0.08231619179609889,244.80642361111111,6,1,2,2009
2009-02-02,0,Moderate Stable Consumption,26.721666666666668,7.17,6.439718081456995,0.8682176353769717,1159.0,232.0,10915.0,1.159,0.232,10.915,12.306,0.06648038420757188,244.8748263888889,0,0,2,2009
2009-02-03,0,Moderate Stable Consumption,31.139833333333335,6.102,4.702915344226847,0.6120638173321451,703.0,878.0,14984.0,0.703,0.878,14.984,16.565,0.06583743222774688,244.3027222222222,1,0,2,2009
2009-02-04,1,High Consumption High Demand,41.0154,7.918,4.633186559194839,0.7925863612462256,871.0,6961.0,15960.0,0.871,6.961,15.96,23.792,0.0616045030240674,244.68669444444447,2,0,2,2009
2009-02-05,0,Moderate Stable Consumption,27.4848,6.066,5.296891372685994,0.6926465664454559,1104.0,264.0,12987.0,1.104,0.264,12.987,14.355,0.0740942872666589,243.85506249999997,3,0,2,2009
2009-02-06,0,Moderate Stable Consumption,34.13993333333334,5.702,4.008443679835344,0.6735412322952262,1165.0,273.0,11716.0,1.165,0.273,11.716,13.154,0.06193724260348097,243.28893055555557,4,0,2,2009
2009-02-07,1,High Consumption High Demand,52.19226666666667,6.442,2.9622779364503553,0.7213498953875532,6822.0,4483.0,17873.0,6.822,4.483,17.873,29.178,0.058962758211944556,242.05092361111113,5,1,2,2009
2009-02-08,0,Moderate Stable Consumption,36.381099999999996,6.266,4.133574850677962,0.8320371011377179,5341.0,259.0,15174.0,5.341,0.259,15.174,20.774,0.061396347737332484,243.35456944444445,6,1,2,2009
2009-02-09,0,Moderate Stable Consumption,28.443966666666665,6.098,5.145273924522951,0.8028503980786262,1063.0,228.0,9375.0,1.063,0.228,9.375,10.666,0.0788731998232783,243.3219861111111,0,0,2,2009
2009-02-10,0,Moderate Stable Consumption,32.39703333333333,4.77,3.533656888336483,0.5755208328454422,1128.0,263.0,12339.0,1.128,0.263,12.339,13.73,0.059589818409298785,243.15777083333333,1,0,2,2009
2009-02-11,1,High Consumption High Demand,43.98983333333333,7.852,4.283898931192435,0.9141677315140538,2985.0,10477.0,12195.0,2.985,10.477,12.195,25.657,0.09068837875418184,242.09756249999998,2,0,2,2009
2009-02-12,0,Moderate Stable Consumption,32.811,5.844,4.2746639846392975,0.7211927737558893,1109.0,299.0,17724.0,1.109,0.299,17.724,19.132,0.0605914683083925,242.91152777777776,3,0,2,2009
2009-02-13,0,Moderate Stable Consumption,28.167033333333332,5.406,4.606235895154027,0.7610165005824575,1100.0,254.0,11554.0,1.1,0.254,11.554,12.908000000000001,0.06460625956348498,241.69333333333336,4,0,2,2009
2009-02-14,0,Moderate Stable Consumption,38.92193333333333,6.286,3.876066450964238,0.6736137430471503,2280.0,3256.0,18543.0,2.28,3.256,18.543,24.079,0.050857357205620145,241.9453472222222,5,1,2,2009
2009-02-15,0,Moderate Stable Consumption,26.433866666666667,4.28,3.8859241175461783,0.6465820331871306,2465.0,226.0,5234.0,2.465,0.226,5.234,7.925,0.07189136158665146,242.8439375,6,1,2,2009
2009-02-16,0,Moderate Stable Consumption,21.98323333333333,4.422,4.8276792767821535,0.8441829045517448,0.0,261.0,7037.0,0.0,0.261,7.037,7.298,0.08476611720750814,242.14300694444444,0,0,2,2009
2009-02-17,3,Very Low Consumption,13.2463,2.586,4.685383843035413,0.9112545557809666,0.0,278.0,3925.0,0.0,0.278,3.925,4.202999999999999,0.14954867900218677,242.26856249999997,1,0,2,2009
2009-02-18,3,Very Low Consumption,13.774166666666668,1.582,2.7564643959102186,0.7423015680315612,0.0,297.0,5471.0,0.0,0.297,5.471,5.768,0.13680682436929034,242.23109722222225,2,0,2,2009
2009-02-19,2,Low Consumption High Variability,12.2878,2.764,5.3985253666238044,0.8363393941303544,1046.0,262.0,1796.0,1.046,0.262,1.796,3.104,0.13479223294649978,241.54959027777775,3,0,2,2009
2009-02-20,0,Moderate Stable Consumption,31.3456,6.322,4.84048797917411,0.8223979441984813,2897.0,293.0,8768.0,2.897,0.293,8.768,11.958,0.07818003164718493,240.19070833333333,4,0,2,2009
2009-02-21,0,Moderate Stable Consumption,21.9364,3.71,4.059006947356904,0.8019547256054529,2111.0,262.0,3983.0,2.111,0.262,3.983,6.356,0.11807011785586212,240.9543402777778,5,1,2,2009
2009-02-22,1,High Consumption High Demand,37.307966666666665,11.122,7.154718518564846,1.1985179006841309,3816.0,8576.0,7133.0,3.816,8.576,7.133,19.525,0.0785480134269803,241.31630555555554,6,1,2,2009
2009-02-23,1,High Consumption High Demand,45.56093333333333,7.694,4.052945944917722,0.5832177032497665,1212.0,3744.0,12471.0,1.212,3.744,12.471,17.427,0.04748219966228377,241.24088194444445,0,0,2,2009
2009-02-24,0,Moderate Stable Consumption,29.719066666666667,4.846,3.9134472594473584,0.6542200704319907,0.0,1602.0,14512.0,0.0,1.602,14.512,16.114,0.06917332531752905,240.8879236111111,1,0,2,2009
2009-02-25,2,Low Consumption High Variability,19.497400000000003,6.29,7.742570804312369,0.9958288888176685,1092.0,274.0,7359.0,1.092,0.274,7.359,8.725,0.09665391282940289,241.2019652777778,2,0,2,2009
2009-02-26,0,Moderate Stable Consumption,19.280866666666668,2.884,3.589880122954362,0.7893379254126061,0.0,268.0,6841.0,0.0,0.268,6.841,7.109,0.09733310743293005,240.73236805555555,3,0,2,2009
2009-02-27,0,Moderate Stable Consumption,33.8153,5.106,3.6239217159096624,0.6592604977471833,1154.0,246.0,14831.0,1.154,0.246,14.831,16.230999999999998,0.09961762870653225,240.96568750000003,4,0,2,2009
2009-02-28,1,High Consumption High Demand,27.179166666666667,6.788,5.994002759466504,0.9358063454739406,1145.0,5358.0,8006.0,1.145,5.358,8.006,14.509,0.13036210332669018,242.3972777777778,5,1,2,2009
2009-03-01,1,High Consumption High Demand,41.20868333333333,6.714,3.91024383614942,0.9541032323561841,11224.0,2740.5,8852.0,11.224,2.7405,8.852,22.8165,0.07661370722432691,242.14014236111112,6,1,3,2009
2009-03-02,0,Moderate Stable Consumption,24.624033333333333,4.578,4.461982263939973,0.7957155852150819,1560.0,310.0,6684.0,1.56,0.31,6.684,8.554,0.09162051708290411,242.24184722222222,0,0,3,2009
2009-03-03,0,Moderate Stable Consumption,30.81586666666667,8.31,6.471990619550968,0.7316892804737983,1159.0,268.0,13024.0,1.159,0.268,13.024,14.450999999999999,0.06917648484114244,242.89735416666667,1,0,3,2009
2009-03-04,1,High Consumption High Demand,30.702166666666667,4.992,3.9022653124372324,0.7899538879570637,2214.0,2570.0,8393.0,2.214,2.57,8.393,13.177,0.07026322789379685,242.3844861111111,2,0,3,2009
2009-03-05,0,Moderate Stable Consumption,24.030199999999997,5.194,5.187472430524923,0.7526492620953635,0.0,271.0,9094.0,0.0,0.271,9.094,9.365,0.07800046053160885,241.67960416666668,3,0,3,2009
2009-03-06,0,Moderate Stable Consumption,29.724566666666664,5.726,4.623246540179448,0.733305987404409,1144.0,265.0,12056.0,1.144,0.265,12.056,13.465,0.0723060723060723,240.79331249999998,4,0,3,2009
2009-03-07,0,Moderate Stable Consumption,28.27443333333333,5.468,4.641366228383004,0.7384351742619256,1055.0,811.0,12113.0,1.055,0.811,12.113,13.979,0.08834011409600902,242.47164583333333,5,1,3,2009
2009-03-08,1,High Consumption High Demand,39.286100000000005,7.854,4.7980328920406965,0.8943009664001026,7253.0,5260.0,12691.0,7.253,5.26,12.691,25.204,0.08238113056102116,242.15979166666665,6,1,3,2009
2009-03-09,0,Moderate Stable Consumption,28.0926,4.758,4.064842698789005,0.7584562265161071,2001.0,369.0,10336.0,2.001,0.369,10.336,12.706,0.08070927337922916,242.48230555555557,0,0,3,2009
2009-03-10,0,Moderate Stable Consumption,30.6035,5.542,4.346169555769764,0.6131392018591786,0.0,281.0,11610.0,0.0,0.281,11.61,11.891,0.06257563132757146,241.8284375,1,0,3,2009
2009-03-11,1,High Consumption High Demand,40.0984,7.64,4.572751032460148,0.7310615923382012,3476.0,7288.0,10737.0,3.476,7.288,10.737,21.500999999999998,0.05704467011152564,241.8211736111111,2,0,3,2009
2009-03-12,0,Moderate Stable Consumption,31.454333333333334,5.602,4.274387206850143,0.6715755265321163,0.0,364.0,13655.0,0.0,0.364,13.655,14.019,0.07141146423916153,241.9984236111111,3,0,3,2009
2009-03-13,0,Moderate Stable Consumption,24.092,5.656,5.634401461065914,0.7402633558633699,1082.0,311.0,10466.0,1.082,0.311,10.466,11.859,0.09594056118213515,242.75730555555558,4,0,3,2009
2009-03-14,0,Moderate Stable Consumption,35.81713333333333,5.88,3.9400138108949725,0.6721425051585687,2196.0,280.0,18036.0,2.196,0.28,18.036,20.512,0.07224196241277453,242.17880555555556,5,1,3,2009
2009-03-15,1,High Consumption High Demand,32.3677,7.166,5.313445193819765,0.8350327726004333,3478.0,5152.0,8353.0,3.478,5.152,8.353,16.983,0.09152745895857085,241.77111111111114,6,1,3,2009
2009-03-16,0,Moderate Stable Consumption,22.302083333333332,4.322,4.651045305931808,0.8586602839802945,0.0,306.0,9291.0,0.0,0.306,9.291,9.597,0.0892211116300794,242.4094548611111,0,0,3,2009
2009-03-17,1,High Consumption High Demand,32.1985,7.88,5.873565538767334,0.82611302885906,1110.0,3952.0,12320.0,1.11,3.952,12.32,17.382,0.12163713630552148,241.95642361111112,1,0,3,2009
2009-03-18,0,Moderate Stable Consumption,24.178,5.724,5.681859541732154,0.7776085174226756,1123.0,375.0,12101.0,1.123,0.375,12.101,13.599,0.08403369454324869,242.84061805555555,2,0,3,2009
2009-03-19,0,Moderate Stable Consumption,19.858866666666664,4.296,5.191837063545084,0.6716584748259962,0.0,314.0,9458.0,0.0,0.314,9.458,9.772,0.09769943232745744,242.7762777777778,3,0,3,2009
2009-03-20,0,Moderate Stable Consumption,24.398433333333333,6.028,5.929561051051091,0.8348857132571753,1083.0,308.0,10618.0,1.083,0.308,10.618,12.009,0.08882947402360535,242.9164861111111,4,0,3,2009
2009-03-21,1,High Consumption High Demand,32.16703333333333,7.502,5.597283347029205,0.9224244087942651,5420.0,682.0,10266.0,5.42,0.682,10.266,16.368000000000002,0.1024112678508328,242.58272222222223,5,1,3,2009
2009-03-22,1,High Consumption High Demand,28.152833333333334,5.182,4.417601543953539,0.912765658960755,2017.0,3778.0,9015.0,2.017,3.778,9.015,14.81,0.07712663615858675,241.52761111111113,6,1,3,2009
2009-03-23,0,Moderate Stable Consumption,21.6075,5.12,5.686914265879903,0.8722335064576935,1078.0,310.0,5999.0,1.078,0.31,5.999,7.387,0.09265455667399436,242.05365277777778,0,0,3,2009
2009-03-24,0,Moderate Stable Consumption,27.6952,5.848,5.067737369652503,0.8831357339339302,1710.0,352.0,10149.0,1.71,0.352,10.149,12.210999999999999,0.08836428935940767,242.4840972222222,1,0,3,2009
2009-03-25,1,High Consumption High Demand,30.646233333333335,6.584,5.156131204813642,0.8276778375608428,2780.0,3315.0,10287.0,2.78,3.315,10.287,16.382,0.105524659365425,243.1130625,2,0,3,2009
2009-03-26,0,Moderate Stable Consumption,20.1834,3.638,4.325931210796992,0.8370270491513048,0.0,312.0,8596.0,0.0,0.312,8.596,8.908,0.09888489220514549,242.93575694444445,3,0,3,2009
2009-03-27,0,Moderate Stable Consumption,28.56543333333333,5.226,4.390761328085343,0.758927404321151,1103.0,526.0,9947.0,1.103,0.526,9.947,11.575999999999999,0.10564866861229714,242.62864583333334,4,0,3,2009
2009-03-28,1,High Consumption High Demand,37.68293333333334,6.856,4.366539052161545,0.7578160176774936,4527.0,327.0,12225.0,4.527,0.327,12.225,17.079,0.12238077715110643,242.13561805555554,5,1,3,2009
2009-03-29,1,High Consumption High Demand,36.94416666666667,5.512,3.5807547425168607,0.6567349565139196,1611.0,4024.0,9502.0,1.611,4.024,9.502,15.137,0.06184738231114519,242.54856944444444,6,1,3,2009
2009-03-30,0,Moderate Stable Consumption,24.6242,4.554,4.438560440542231,0.7920792607565189,1085.0,295.0,9901.0,1.085,0.295,9.901,11.280999999999999,0.08888545956146122,242.72852083333333,0,0,3,2009
2009-03-31,1,High Consumption High Demand,30.391366666666666,7.096,5.603696663855196,0.870895928175842,2202.0,2711.0,12958.0,2.202,2.711,12.958,17.871000000000002,0.07567280620263869,242.16790277777778,1,0,3,2009
2009-04-01,1,High Consumption High Demand,27.352333333333334,4.232,3.713321227926929,0.9079017394948452,2807.0,2364.0,7309.0,2.807,2.364,7.309,12.48,0.08716380077263366,242.90603472222222,2,0,4,2009
2009-04-02,0,Moderate Stable Consumption,27.40556666666667,4.76,4.168496181432726,0.7214410852305421,1128.0,324.0,13500.0,1.128,0.324,13.5,14.952,0.07587387963759187,242.2396388888889,3,0,4,2009
2009-04-03,0,Moderate Stable Consumption,22.721,5.736,6.058888253157871,0.7629597513767383,0.0,326.0,8556.0,0.0,0.326,8.556,8.882,0.09726537857782082,241.8118888888889,4,0,4,2009
2009-04-04,1,High Consumption High Demand,36.52053333333333,5.124,3.3673111747181492,0.6988354023894219,2699.0,4172.0,16251.0,2.699,4.172,16.251,23.122,0.09114872364039957,241.45065277777778,5,1,4,2009
2009-04-05,2,Low Consumption High Variability,22.9286,6.502,6.805823294924243,1.0147251381584201,3832.0,357.0,6503.0,3.832,0.357,6.503,10.692,0.1330303638250918,242.31370833333332,6,1,4,2009
2009-04-06,0,Moderate Stable Consumption,24.21056666666667,4.308,4.270532012881428,0.7189254748614271,799.0,333.0,10141.0,0.799,0.333,10.141,11.273,0.09055274762947858,242.30114583333335,0,0,4,2009
2009-04-07,0,Moderate Stable Consumption,24.001533333333334,5.762,5.761631895739994,0.8758174774701147,1103.0,338.0,9121.0,1.103,0.338,9.121,10.562000000000001,0.10605711301777943,241.98941666666667,1,0,4,2009
2009-04-08,1,High Consumption High Demand,25.576666666666664,5.318,4.990173335071029,0.8081436040133746,2131.0,2827.0,7968.0,2.131,2.827,7.968,12.926,0.1051414049263652,242.25972916666666,2,0,4,2009
2009-04-09,0,Moderate Stable Consumption,31.507866666666665,6.308,4.804895285410205,0.8836401362998223,2682.0,366.0,13482.0,2.682,0.366,13.482,16.53,0.09359355758773472,242.2968263888889,3,0,4,2009
2009-04-10,0,Moderate Stable Consumption,30.701900000000002,5.314,4.154010012409655,0.7744760949883223,2057.0,2822.0,13828.0,2.057,2.822,13.828,18.707,0.09000094456694863,242.0344861111111,4,0,4,2009
2009-04-11,1,High Consumption High Demand,41.04076666666666,6.968,4.074777680403956,0.7690188383883164,3661.0,4286.0,18233.0,3.661,4.286,18.233,26.18,0.10301383258759786,240.96925694444442,5,1,4,2009
2009-04-12,1,High Consumption High Demand,35.68353333333334,7.972,5.361800868000739,0.9964126996169494,7498.0,1504.0,12470.0,7.498,1.504,12.47,21.472,0.13155928131182823,240.4032986111111,6,1,4,2009
2009-04-13,1,High Consumption High Demand,26.664066666666667,6.272,5.645350421666112,0.9710631733596612,1006.0,5648.0,6209.0,1.006,5.648,6.209,12.863,0.1250046879570758,241.13211805555557,0,0,4,2009
2009-04-14,0,Moderate Stable Consumption,25.025633333333335,6.254,5.99769036814253,0.881201967861985,888.0,2341.0,9478.0,0.888,2.341,9.478,12.707,0.12559122712845097,241.4923263888889,1,0,4,2009
2009-04-15,2,Low Consumption High Variability,20.267699999999998,4.718,5.5868204088278395,0.9066537632156515,1880.0,463.0,5278.0,1.88,0.463,5.278,7.6209999999999996,0.15697061498509124,241.32070833333333,2,0,4,2009
2009-04-16,0,Moderate Stable Consumption,26.0754,6.188,5.695483099012863,0.8657771707295346,2896.0,397.0,9809.0,2.896,0.397,9.809,13.102,0.11442202228920746,240.47604166666667,3,0,4,2009
2009-04-17,1,High Consumption High Demand,34.04683333333333,7.454,5.2544093674889005,0.7756189441720072,0.0,5224.0,7655.0,0.0,5.224,7.655,12.879000000000001,0.08380515074823407,241.32772916666667,4,0,4,2009
2009-04-18,0,Moderate Stable Consumption,25.204433333333334,6.32,6.017988898778389,0.7733360587165469,1028.0,2613.0,10699.0,1.028,2.613,10.699,14.34,0.09717734842944296,241.04625,5,1,4,2009
2009-04-19,2,Low Consumption High Variability,21.441133333333333,6.322,7.076491603366737,0.9513572876598083,2201.0,376.0,8088.0,2.201,0.376,8.088,10.665,0.11939978297167128,242.6585347222222,6,1,4,2009
2009-04-20,0,Moderate Stable Consumption,24.775166666666667,6.042,5.852957598670711,0.7422203622436074,0.0,2644.0,10476.0,0.0,2.644,10.476,13.120000000000001,0.11402681448493451,241.90455555555556,0,0,4,2009
2009-04-21,0,Moderate Stable Consumption,31.576633333333334,6.72,5.107574271692465,0.7011492885747131,1925.0,375.0,7380.0,1.925,0.375,7.38,9.68,0.09644895645408683,240.64846527777777,1,0,4,2009
2009-04-22,0,Moderate Stable Consumption,24.936633333333337,4.494,4.3252029477382,0.7665710024323104,1024.0,1203.0,13265.0,1.024,1.203,13.265,15.492,0.13628410143577255,241.27485416666664,2,0,4,2009
2009-04-23,2,Low Consumption High Variability,19.024333333333335,5.716,7.2109754174478295,0.9865581760527999,1068.0,395.0,5511.0,1.068,0.395,5.511,6.974,0.15371016067142082,241.49463888888891,3,0,4,2009
2009-04-24,0,Moderate Stable Consumption,19.9008,3.274,3.9483839845634345,0.6648128358703527,0.0,383.0,9677.0,0.0,0.383,9.677,10.059999999999999,0.15143444819638738,241.7900833333333,4,0,4,2009
2009-04-25,1,High Consumption High Demand,33.70473333333334,6.12,4.357844892210985,0.7884874764555238,2007.0,3901.0,13225.0,2.007,3.901,13.225,19.133,0.11649797951227424,240.50833333333333,5,1,4,2009
2009-04-26,1,High Consumption High Demand,29.693766666666665,7.016,5.670685093279959,0.8454848641641034,3053.0,3017.0,10561.0,3.053,3.017,10.561,16.631,0.12888114565009715,241.8649236111111,6,1,4,2009
2009-04-27,2,Low Consumption High Variability,22.52713333333333,6.02,6.413599008011079,0.9671716584759187,995.0,376.0,7021.0,0.995,0.376,7.021,8.392,0.11867762431674987,241.0012291666667,0,0,4,2009
2009-04-28,0,Moderate Stable Consumption,28.439766666666667,6.134,5.176413777421991,0.725306679275063,2068.0,371.0,11469.0,2.068,0.371,11.469,13.908,0.09397990841462601,241.990125,1,0,4,2009
2009-04-29,0,Moderate Stable Consumption,27.744666666666667,5.594,4.83898406901026,0.7606357494074387,1043.0,2492.0,9372.0,1.043,2.492,9.372,12.907,0.08507100463752794,242.18654166666667,2,0,4,2009
2009-04-30,0,Moderate Stable Consumption,30.579366666666665,4.278,3.3575580920032135,0.6531506672767504,1027.0,363.0,15305.0,1.027,0.363,15.305,16.695,0.07524463663407026,241.90433333333334,3,0,4,2009
2009-05-01,0,Moderate Stable Consumption,25.213366666666666,4.738,4.509988749353848,0.6296684882161242,1067.0,1052.0,11709.0,1.067,1.052,11.709,13.828,0.12590015084591374,241.27309027777778,4,0,5,2009
2009-05-02,0,Moderate Stable Consumption,23.231833333333334,5.726,5.915331692863958,0.769450349339685,1430.0,374.0,9760.0,1.43,0.374,9.76,11.564,0.1288605433636318,241.8829027777778,5,1,5,2009
2009-05-03,2,Low Consumption High Variability,26.814633333333333,7.856,7.031384604674811,1.1285173756023708,3207.0,2593.0,7226.0,3.207,2.593,7.226,13.026,0.111691501779501,242.06633333333335,6,1,5,2009
2009-05-04,0,Moderate Stable Consumption,27.798033333333333,5.192,4.482619274025381,0.7427826356230521,1007.0,411.0,11374.0,1.007,0.411,11.374,12.792,0.08756974414257124,241.43522916666666,0,0,5,2009
2009-05-05,1,High Consumption High Demand,28.857899999999997,4.288,3.5661638580769917,0.7678830075445491,1049.0,5539.0,10166.0,1.049,5.539,10.166,16.753999999999998,0.0819613808812607,240.81849305555556,1,0,5,2009
2009-05-06,0,Moderate Stable Consumption,22.498366666666666,4.604,4.911289856596998,0.7776292948555736,1038.0,1797.0,9058.0,1.038,1.797,9.058,11.893,0.10843601979995586,240.8967152777778,2,0,5,2009
2009-05-07,0,Moderate Stable Consumption,16.877466666666667,4.288,6.097597585735616,0.7687957054521926,0.0,374.0,7992.0,0.0,0.374,7.992,8.366,0.13332174654964016,241.1735138888889,3,0,5,2009
2009-05-08,0,Moderate Stable Consumption,30.9526,4.5,3.489206076387767,0.7190472907824529,2226.0,848.0,15426.0,2.226,0.848,15.426,18.5,0.08339740980294601,240.82481249999998,4,0,5,2009
2009-05-09,0,Moderate Stable Consumption,21.022533333333335,4.682,5.345121742384363,0.796313366216285,2090.0,382.0,6605.0,2.09,0.382,6.605,9.077,0.14506973469737233,241.57422916666667,5,1,5,2009
2009-05-10,1,High Consumption High Demand,32.7982,6.012,4.399265813367807,0.9143458286159709,4300.0,6670.0,8696.0,4.3,6.67,8.696,19.665999999999997,0.10421710134499251,241.07,6,1,5,2009
2009-05-11,0,Moderate Stable Consumption,25.286266666666666,5.33,5.058872536871134,0.898121186609755,1035.0,457.0,11009.0,1.035,0.457,11.009,12.501000000000001,0.10443086365721577,240.25132638888888,0,0,5,2009
2009-05-12,0,Moderate Stable Consumption,27.099266666666665,6.34,5.614912088642005,0.7787257032762142,0.0,2713.0,11335.0,0.0,2.713,11.335,14.048000000000002,0.09226694941314524,240.3767777777778,1,0,5,2009
2009-05-13,0,Moderate Stable Consumption,20.7733,5.408,6.248020295282888,0.8649550234198613,1419.0,553.0,7127.0,1.419,0.553,7.127,9.099,0.13764945065701326,240.63597916666666,2,0,5,2009
2009-05-14,2,Low Consumption High Variability,26.783066666666667,7.396,6.627471088697835,1.0289305485982227,0.0,4065.0,11499.0,0.0,4.065,11.499,15.564,0.09453112165398038,240.05952083333335,3,0,5,2009
2009-05-15,0,Moderate Stable Consumption,23.70376666666667,5.256,5.321685864271923,0.7929681519904458,1382.0,494.0,12195.0,1.382,0.494,12.195,14.071,0.0988211437563369,240.95720138888888,4,0,5,2009
2009-05-16,1,High Consumption High Demand,33.4563,6.732,4.829224989015522,0.7854670872269269,1705.0,4820.0,12265.0,1.705,4.82,12.265,18.79,0.09290826142360831,239.98875694444445,5,1,5,2009
2009-05-17,2,Low Consumption High Variability,25.7294,6.54,6.10041431203215,0.9713556495772779,2555.0,1926.0,7168.0,2.555,1.926,7.168,11.649000000000001,0.1466934065051394,240.30072916666666,6,1,5,2009
2009-05-18,0,Moderate Stable Consumption,20.1651,5.016,5.969918324233453,0.924698254038327,763.0,374.0,8971.0,0.763,0.374,8.971,10.108,0.12774546121764832,240.9586736111111,0,0,5,2009
2009-05-19,0,Moderate Stable Consumption,26.955733333333335,5.458,4.859522773139171,0.8097264120170994,3253.0,792.0,10981.0,3.253,0.792,10.981,15.026,0.11678653397174624,240.9929375,1,0,5,2009
2009-05-20,0,Moderate Stable Consumption,21.786033333333332,5.39,5.937749108373713,0.8172564001418039,1061.0,1889.0,9470.0,1.061,1.889,9.47,12.420000000000002,0.13952516979532759,241.31970833333332,2,0,5,2009
2009-05-21,0,Moderate Stable Consumption,26.2525,5.744,5.251157032663555,0.7965788665085385,1553.0,1278.0,12563.0,1.553,1.278,12.563,15.394,0.13484176110211724,241.01910416666666,3,0,5,2009
2009-05-22,0,Moderate Stable Consumption,17.913433333333334,4.59,6.14957490002847,0.8105607086427183,982.0,1207.0,8078.0,0.982,1.207,8.078,10.267,0.22073006663528114,241.9665347222222,4,0,5,2009
2009-05-23,0,Moderate Stable Consumption,25.509966666666667,4.284,4.030424709819299,0.7117708630206346,480.0,1844.0,12579.0,0.48,1.844,12.579,14.903,0.1262578417063135,240.56841666666668,5,1,5,2009
2009-05-24,0,Moderate Stable Consumption,21.4631,5.078,5.678210510131342,0.8821369003931897,45.0,446.0,10256.0,0.045,0.446,10.256,10.747,0.137600501946752,242.01796527777776,6,1,5,2009
2009-05-25,0,Moderate Stable Consumption,22.568266666666666,4.62,4.913093310961704,0.8074194695712688,920.0,966.0,9930.0,0.92,0.966,9.93,11.815999999999999,0.13526515106757572,238.4309027777778,0,0,5,2009
2009-05-26,2,Low Consumption High Variability,22.316216666666666,4.084,4.392142335954496,0.7785746256192355,1191.0,864.5,10100.0,1.191,0.8645,10.1,12.1555,0.0946650903341591,231.79023263888888,1,0,5,2009
2009-05-27,2,Low Consumption High Variability,25.7382,5.324,4.964449728419237,0.744682661557923,1052.0,2355.0,11076.0,1.052,2.355,11.076,14.483,0.08087978180292328,231.14297222222223,2,0,5,2009
2009-05-28,2,Low Consumption High Variability,19.662266666666667,4.978,6.076206880183362,0.906420897039621,1502.0,421.0,9049.0,1.502,0.421,9.049,10.972,0.10916510134470761,233.70236111111112,3,0,5,2009
2009-05-29,0,Moderate Stable Consumption,20.7141,4.798,5.559111909279187,0.7949663241489666,1005.0,434.0,10112.0,1.005,0.434,10.112,11.551,0.11839761321998059,241.55870138888892,4,0,5,2009
2009-05-30,0,Moderate Stable Consumption,27.651766666666667,6.24,5.415928819496766,0.7564284445297458,2787.0,1707.0,11557.0,2.787,1.707,11.557,16.051000000000002,0.14085175992371796,241.1634097222222,5,1,5,2009
2009-05-31,2,Low Consumption High Variability,15.948166666666667,3.77,5.673379385300295,1.0520798070952462,1466.0,458.0,5720.0,1.466,0.458,5.72,7.644,0.20965419222690174,241.45614583333332,6,1,5,2009
2009-06-01,0,Moderate Stable Consumption,24.054333333333332,5.322,5.3099787979989745,0.9676437946235,2789.0,461.0,11361.0,2.789,0.461,11.361,14.611,0.15927552901071187,241.334125,0,0,6,2009
2009-06-02,0,Moderate Stable Consumption,18.1773,2.992,3.950421679787427,0.7915346705104677,0.0,506.0,7892.0,0.0,0.506,7.892,8.398,0.20510563541706783,241.6302986111111,1,0,6,2009
2009-06-03,0,Moderate Stable Consumption,22.60963333333333,4.262,4.524089289373704,0.8183379926793453,940.0,1370.0,11577.0,0.94,1.37,11.577,13.887,0.14811238277489389,240.40592361111112,2,0,6,2009
2009-06-04,2,Low Consumption High Variability,17.261000000000003,4.892,6.801923411158103,1.0636836614726024,1906.0,455.0,6905.0,1.906,0.455,6.905,9.266,0.1589923333912674,240.0102013888889,3,0,6,2009
2009-06-05,0,Moderate Stable Consumption,20.505999999999997,4.19,4.903930556910174,0.6763449569913893,0.0,456.0,12515.0,0.0,0.456,12.515,12.971,0.12756429012646706,239.86320833333335,4,0,6,2009
2009-06-06,2,Low Consumption High Variability,24.590833333333332,6.282,6.131065098783422,0.9203433572325146,1769.0,2732.0,10611.0,1.769,2.732,10.611,15.112000000000002,0.1582540919719408,240.58184027777776,5,1,6,2009
2009-06-07,2,Low Consumption High Variability,20.1232,8.76,10.447642522064085,1.1525314443919654,2077.0,1641.0,6034.0,2.077,1.641,6.034,9.751999999999999,0.181324706474782,241.01856249999997,6,1,6,2009
2009-06-08,0,Moderate Stable Consumption,19.64626666666667,5.106,6.237520953938661,0.9028685117564278,1024.0,432.0,8551.0,1.024,0.432,8.551,10.007,0.10974095163118354,240.0647291666667,0,0,6,2009
2009-06-09,0,Moderate Stable Consumption,22.214166666666664,4.96,5.358742544172263,0.9093403064450141,1000.0,414.0,10695.0,1.0,0.414,10.695,12.109,0.1158389916344675,240.9235138888889,1,0,6,2009
2009-06-10,1,High Consumption High Demand,26.716600000000003,5.322,4.780847862377697,0.841013822152668,1032.0,4745.0,9889.0,1.032,4.745,9.889,15.666,0.09931902512545257,240.7160833333333,2,0,6,2009
2009-06-11,0,Moderate Stable Consumption,21.677500000000002,4.732,5.238980509745127,0.6801006776671814,0.0,472.0,10610.0,0.0,0.472,10.61,11.081999999999999,0.1229631338177065,241.17605555555556,3,0,6,2009
2009-06-12,0,Moderate Stable Consumption,18.362199999999998,4.524,5.91301695875222,0.844844257345682,1009.0,460.0,7137.0,1.009,0.46,7.137,8.606,0.13860358054408878,240.9373402777778,4,0,6,2009
2009-06-16,2,Low Consumption High Variability,25.14653333333333,6.866,6.552950970047561,0.9119178178357911,2983.0,1221.0,13691.0,2.983,1.221,13.691,17.895000000000003,0.14063436179407104,240.83118055555556,1,0,6,2009
2009-06-17,2,Low Consumption High Variability,16.466933333333333,5.432,7.916956810416027,1.0613892263487839,975.0,611.0,7193.0,0.975,0.611,7.193,8.779,0.19519926802804813,241.29550694444447,2,0,6,2009
2009-06-18,0,Moderate Stable Consumption,19.428333333333335,3.244,4.007343227245432,0.7412983710164194,0.0,461.0,11223.0,0.0,0.461,11.223,11.684000000000001,0.14236424465986103,241.2962222222222,3,0,6,2009
2009-06-19,0,Moderate Stable Consumption,18.114433333333334,4.888,6.47616173474927,0.9274020981874761,969.0,475.0,7737.0,0.969,0.475,7.737,9.181000000000001,0.1511317862551593,241.31758333333335,4,0,6,2009
2009-06-20,2,Low Consumption High Variability,18.451666666666664,5.5,7.153825309366815,0.9687381608447245,0.0,2657.0,9159.0,0.0,2.657,9.159,11.816,0.16173426068105864,241.48458333333332,5,1,6,2009
2009-06-21,2,Low Consumption High Variability,14.252366666666667,3.892,6.553858891271858,0.9971737533920677,1039.0,412.0,6002.0,1.039,0.412,6.002,7.452999999999999,0.18888792738515942,241.28675694444445,6,1,6,2009
2009-06-22,0,Moderate Stable Consumption,18.234966666666665,4.096,5.390961321563516,0.8523376081989521,0.0,449.0,11148.0,0.0,0.449,11.148,11.597,0.1481805103381964,241.20229166666667,0,0,6,2009
2009-06-23,2,Low Consumption High Variability,17.32023333333333,4.098,5.678445440496375,1.0096283627146356,1010.0,1261.0,8186.0,1.01,1.261,8.186,10.457,0.1576884068151507,241.21326388888886,1,0,6,2009
2009-06-24,0,Moderate Stable Consumption,25.581233333333333,4.91,4.606501901784772,0.8322021121192286,3059.0,1239.0,14275.0,3.059,1.239,14.275,18.573,0.1266045291014116,240.53718055555555,2,0,6,2009
2009-06-25,2,Low Consumption High Variability,12.856033333333333,4.558,8.509000961934863,1.0387552848241746,0.0,495.0,6224.0,0.0,0.495,6.224,6.719,0.23849502568184588,241.17795138888889,3,0,6,2009
2009-06-26,2,Low Consumption High Variability,21.2887,6.216,7.0076613414628435,0.9184791618739565,1826.0,538.0,9952.0,1.826,0.538,9.952,12.315999999999999,0.18700531267761772,240.54077083333334,4,0,6,2009
2009-06-27,0,Moderate Stable Consumption,28.484199999999998,5.076,4.2768973676634765,0.8362094998871142,2663.0,2432.0,13468.0,2.663,2.432,13.468,18.563,0.15893255442198367,241.81414583333333,5,1,6,2009
2009-06-28,3,Very Low Consumption,17.656566666666667,3.592,4.882489423198546,0.8870791371616623,0.0,1421.0,6742.0,0.0,1.421,6.742,8.163,0.2622480399171602,241.83843055555556,6,1,6,2009
2009-06-29,2,Low Consumption High Variability,16.83556666666667,4.76,6.785634381181111,0.951037476304072,1794.0,598.0,6462.0,1.794,0.598,6.462,8.854,0.23365810872616902,241.89382638888887,0,0,6,2009
2009-06-30,0,Moderate Stable Consumption,19.8741,5.222,6.306096879858711,0.8107975263816029,582.0,1034.0,8989.0,0.582,1.034,8.989,10.605,0.23745310060162053,241.94360416666666,1,0,6,2009
2009-07-01,0,Moderate Stable Consumption,20.3057,3.644,4.306967994208522,0.7684102246983563,989.0,590.0,9747.0,0.989,0.59,9.747,11.326,0.2181177370557692,241.80929861111113,2,0,7,2009
2009-07-02,0,Moderate Stable Consumption,20.709633333333333,5.174,5.996050147354935,0.8123357981870379,637.0,603.0,8032.0,0.637,0.603,8.032,9.272,0.22237477244889253,241.96674305555555,3,0,7,2009
2009-07-03,2,Low Consumption High Variability,14.402466666666667,4.226,7.042127043052811,0.9824491540378489,856.0,642.0,7371.0,0.856,0.642,7.371,8.869,0.2846688298763638,241.92334722222222,4,0,7,2009
2009-07-04,2,Low Consumption High Variability,20.6428,5.156,5.9945356250121105,0.9061780422950583,2084.0,2329.0,6791.0,2.084,2.329,6.791,11.204,0.30188249656054406,241.14746527777777,5,1,7,2009
2009-07-05,2,Low Consumption High Variability,23.51226666666667,4.594,4.689296934366174,0.8903702604087407,3215.0,1438.0,8014.0,3.215,1.438,8.014,12.666999999999998,0.27159440178743577,241.4445763888889,6,1,7,2009
2009-07-06,2,Low Consumption High Variability,15.904333333333334,5.13,7.74128644185023,0.9593612044059988,429.0,755.0,7142.0,0.429,0.755,7.142,8.326,0.28396034623687466,241.76347222222225,0,0,7,2009
2009-07-07,2,Low Consumption High Variability,18.502266666666667,5.398,7.0019529138772185,1.0936989992808888,1292.0,3619.0,5704.0,1.292,3.619,5.704,10.615,0.2311770810062911,241.64100694444443,1,0,7,2009
2009-07-08,2,Low Consumption High Variability,20.573333333333334,5.928,6.915359688917692,0.932991719660151,0.0,3514.0,9308.0,0.0,3.514,9.308,12.822,0.1791931302657161,241.60375000000002,2,0,7,2009
2009-07-09,2,Low Consumption High Variability,14.104199999999999,5.484,9.331688433232655,0.8594879225820359,0.0,656.0,4783.0,0.0,0.656,4.783,5.439,0.23001659080273967,242.59112499999998,3,0,7,2009
2009-07-10,2,Low Consumption High Variability,19.878766666666664,3.904,4.71337088317015,0.9876156824008299,988.0,2624.0,7494.0,0.988,2.624,7.494,11.106,0.18290705493130863,242.24482638888887,4,0,7,2009
2009-07-11,2,Low Consumption High Variability,16.566133333333333,4.512,6.536709431289538,1.00443246302596,981.0,683.0,7756.0,0.981,0.683,7.756,9.42,0.2509859472337138,242.21479166666666,5,1,7,2009
2009-07-12,3,Very Low Consumption,8.557966666666665,2.122,5.950946291759336,0.9593690142733231,0.0,589.0,4060.0,0.0,0.589,4.06,4.648999999999999,0.3729078947880922,242.3049375,6,1,7,2009
2009-07-13,3,Very Low Consumption,8.2791,1.918,5.560024640359459,0.9362964839383265,0.0,594.0,3881.0,0.0,0.594,3.881,4.475,0.3956267388162159,242.5475138888889,0,0,7,2009
2009-07-14,2,Low Consumption High Variability,15.190499999999998,4.432,7.002271156314803,1.1671529494230568,2303.0,618.0,6155.0,2.303,0.618,6.155,9.076,0.2924788519140253,242.2053888888889,1,0,7,2009
2009-07-15,2,Low Consumption High Variability,11.967899999999998,4.228,8.47868047025794,1.1043111280033946,878.0,932.0,5820.0,0.878,0.932,5.82,7.630000000000001,0.2641677598687601,241.92689583333333,2,0,7,2009
2009-07-16,3,Very Low Consumption,9.992566666666667,2.362,5.673016942593995,0.8154353617742355,0.0,1724.0,3902.0,0.0,1.724,3.902,5.626,0.43253151509288573,242.11697916666668,3,0,7,2009
2009-07-17,3,Very Low Consumption,12.1968,2.062,4.05745769382133,0.8771843072200743,0.0,626.0,6670.0,0.0,0.626,6.67,7.296,0.24478278455551186,241.59461805555554,4,0,7,2009
2009-07-18,3,Very Low Consumption,16.106833333333334,2.63,3.918833621340839,0.7689075819080432,0.0,663.0,5389.0,0.0,0.663,5.389,6.0520000000000005,0.2259268840347265,242.00627777777777,5,1,7,2009
2009-07-19,0,Moderate Stable Consumption,20.060733333333335,3.492,4.177713676136798,0.764578479785029,0.0,598.0,5058.0,0.0,0.598,5.058,5.656,0.21538760630219567,242.04660416666667,6,1,7,2009
2009-07-20,2,Low Consumption High Variability,11.041433333333334,4.632,10.068258046207768,1.2216253661891463,914.0,784.0,4948.0,0.914,0.784,4.948,6.646000000000001,0.32885827021250263,241.84186111111114,0,0,7,2009
2009-07-21,3,Very Low Consumption,13.562700000000001,2.178,3.8540998473755224,0.8963503373021185,0.0,981.0,7795.0,0.0,0.981,7.795,8.776,0.32773710249434107,242.522875,1,0,7,2009
2009-07-22,3,Very Low Consumption,12.325533333333334,2.46,4.7900564140564565,0.8218231527372417,0.0,681.0,3965.0,0.0,0.681,3.965,4.646,0.3224742134214611,242.07941666666665,2,0,7,2009
2009-07-23,0,Moderate Stable Consumption,17.166666666666668,3.988,5.575456310679612,0.8767522188393981,926.0,622.0,9064.0,0.926,0.622,9.064,10.612,0.21253398058252426,241.94331944444446,3,0,7,2009
2009-07-24,3,Very Low Consumption,9.362300000000001,2.294,5.880606261281949,0.9456540690145057,0.0,630.0,4128.0,0.0,0.63,4.128,4.758,0.3712335644019098,241.7508263888889,4,0,7,2009
2009-07-25,3,Very Low Consumption,8.944799999999999,2.18,5.849208478669172,0.9158636099977864,0.0,577.0,3716.0,0.0,0.577,3.716,4.293,0.3641967027397669,242.09706944444446,5,1,7,2009
2009-07-26,3,Very Low Consumption,9.050266666666666,2.512,6.66146117241481,0.9250661806160704,0.0,1019.0,3799.0,0.0,1.019,3.799,4.818,0.4416039306392445,242.65740277777775,6,1,7,2009
2009-07-27,3,Very Low Consumption,11.4761,2.51,5.249170014203431,0.8633126564099776,0.0,2062.0,5202.0,0.0,2.062,5.202,7.263999999999999,0.46756592686830306,242.52809027777778,0,0,7,2009
2009-07-28,2,Low Consumption High Variability,15.047500000000001,5.34,8.517029406878219,1.1278866264412122,0.0,4899.0,4353.0,0.0,4.899,4.353,9.251999999999999,0.27996455668161935,242.22140972222223,1,0,7,2009
2009-07-29,0,Moderate Stable Consumption,15.033333333333333,3.98,6.353880266075388,0.8774882388520078,869.0,749.0,7549.0,0.869,0.749,7.549,9.167,0.20561862527716182,241.50047222222221,2,0,7,2009
2009-07-30,3,Very Low Consumption,13.205433333333334,2.898,5.2669229584792125,0.9839024074582744,0.0,2304.0,4040.0,0.0,2.304,4.04,6.343999999999999,0.25015713229150627,242.4390138888889,3,0,7,2009
2009-07-31,2,Low Consumption High Variability,16.263833333333334,5.468,8.068946435342221,1.2216581406962885,865.0,3423.0,6302.0,0.865,3.423,6.302,10.59,0.23389934722236455,241.87106250000002,4,0,7,2009
2009-08-01,3,Very Low Consumption,11.782766666666667,2.14,4.358908349199255,0.9507474038736854,0.0,844.0,6248.0,0.0,0.844,6.248,7.0920000000000005,0.34324422956690986,241.50300694444445,5,1,8,2009
2009-08-02,3,Very Low Consumption,8.162066666666666,2.056,6.045527684981745,0.9348996008557685,0.0,637.0,3539.0,0.0,0.637,3.539,4.176,0.4196077790755609,240.94159722222224,6,1,8,2009
2009-08-03,3,Very Low Consumption,8.3383,1.972,5.6759771176378875,0.9343655893345217,0.0,605.0,3811.0,0.0,0.605,3.811,4.416,0.3943649584847431,241.92006944444447,0,0,8,2009
2009-08-04,3,Very Low Consumption,8.481533333333333,1.914,5.416001823569638,0.9280773860112032,0.0,607.0,3871.0,0.0,0.607,3.871,4.478,0.3858972041218962,242.27648611111113,1,0,8,2009
2009-08-05,3,Very Low Consumption,8.644200000000001,2.104,5.841604775456375,0.8984271780047082,0.0,620.0,4042.0,0.0,0.62,4.042,4.662,0.4008352421276694,242.30757638888886,2,0,8,2009
2009-08-06,3,Very Low Consumption,8.877866666666668,1.988,5.37426408746846,0.8939913706166712,0.0,659.0,4193.0,0.0,0.659,4.193,4.851999999999999,0.40322374744683404,241.22875000000002,3,0,8,2009
2009-08-07,3,Very Low Consumption,8.988266666666668,2.018,5.388358155817954,0.8983488039874568,0.0,668.0,4232.0,0.0,0.668,4.232,4.9,0.4103312466623153,241.3577986111111,4,0,8,2009
2009-08-08,3,Very Low Consumption,8.774533333333332,2.012,5.50319865064049,0.9026002046349837,0.0,646.0,4093.0,0.0,0.646,4.093,4.739,0.40660851859168207,241.72709722222223,5,1,8,2009
2009-08-09,2,Low Consumption High Variability,16.637233333333334,5.446,7.856113897142352,1.26674545323555,1984.0,2380.0,5154.0,1.984,2.38,5.154,9.518,0.28482900802817773,242.04941666666664,6,1,8,2009
2009-08-10,2,Low Consumption High Variability,17.822633333333332,5.344,7.19624297943252,1.1861187136516078,0.0,3719.0,6012.0,0.0,3.719,6.012,9.731,0.27890379087265443,241.02849999999998,0,0,8,2009
2009-08-11,2,Low Consumption High Variability,15.849233333333332,5.06,7.66220027467154,1.0815007982862155,857.0,1467.0,6577.0,0.857,1.467,6.577,8.901,0.3233069107443683,241.84149305555556,1,0,8,2009
2009-08-12,3,Very Low Consumption,13.7406,3.648,6.371774158333697,0.9697276125254958,912.0,689.0,4991.0,0.912,0.689,4.991,6.592,0.3305920653634727,241.80827777777776,2,0,8,2009
2009-08-14,3,Very Low Consumption,12.477933333333334,3.422,6.581859175397636,0.8061460972083152,429.0,850.0,4647.0,0.429,0.85,4.647,5.926,0.32233970369024784,241.1795763888889,4,0,8,2009
2009-08-15,2,Low Consumption High Variability,25.234366666666666,5.516,5.246178822267516,0.944476501239658,3437.0,1852.0,8922.0,3.437,1.852,8.922,14.211,0.2541256566772035,240.8963472222222,5,1,8,2009
2009-08-16,2,Low Consumption High Variability,20.2952,4.448,5.259962946903702,0.8598266117343785,1604.0,1094.0,5691.0,1.604,1.094,5.691,8.389,0.3359185094669347,240.52084722222224,6,1,8,2009
2009-08-17,3,Very Low Consumption,13.098466666666667,3.232,5.921914524346362,0.9072719883967991,1.0,813.0,6261.0,0.001,0.813,6.261,7.075,0.3199636598685851,241.22044444444444,0,0,8,2009
2009-08-18,2,Low Consumption High Variability,18.009966666666667,5.698,7.593128989689044,1.208109006364844,2306.0,1440.0,6324.0,2.306,1.44,6.324,10.07,0.22832172556306787,240.8264861111111,1,0,8,2009
2009-08-19,2,Low Consumption High Variability,14.679033333333333,4.73,7.733479270887503,0.9698567030338203,896.0,812.0,6044.0,0.896,0.812,6.044,7.752,0.29860503984140646,241.54156944444443,2,0,8,2009
2009-08-20,3,Very Low Consumption,12.9287,2.41,4.4737676641889745,0.8299088729276662,0.0,883.0,6138.0,0.0,0.883,6.138,7.021,0.33631893900134324,241.08561805555553,3,0,8,2009
2009-08-21,2,Low Consumption High Variability,19.362433333333335,5.912,7.328004572428052,1.0867561940548345,3043.0,887.0,7527.0,3.043,0.887,7.527,11.457,0.2258342184952649,240.61175694444444,4,0,8,2009
2009-08-22,2,Low Consumption High Variability,25.8123,7.696,7.155658348926673,1.0189685937716386,4544.0,3203.0,8549.0,4.544,3.203,8.549,16.296,0.2697899838449111,241.1232361111111,5,1,8,2009
2009-08-23,3,Very Low Consumption,17.778466666666667,4.554,6.147661778106098,0.9966824455220564,949.0,819.0,6994.0,0.949,0.819,6.994,8.762,0.3485752427093449,241.55547222222222,6,1,8,2009
2009-08-24,2,Low Consumption High Variability,20.8709,4.81,5.5311462371052516,0.9968123264778994,2279.0,737.0,8247.0,2.279,0.737,8.247,11.263,0.22767266065830097,241.06553472222222,0,0,8,2009
2009-08-25,2,Low Consumption High Variability,15.726833333333333,4.518,6.894712858066362,1.0368658516804783,1140.0,755.0,6291.0,1.14,0.755,6.291,8.186,0.2933690825658906,241.50986111111112,1,0,8,2009
2009-08-26,2,Low Consumption High Variability,18.942433333333334,7.056,8.939928520271067,1.2227706955966924,2131.0,1516.0,7860.0,2.131,1.516,7.86,11.507,0.23687030705312412,241.77745833333333,2,0,8,2009
2009-08-27,3,Very Low Consumption,12.4911,2.676,5.14158080553354,0.7986560945546608,0.0,664.0,4283.0,0.0,0.664,4.283,4.947,0.33517998148014716,241.638125,3,0,8,2009
2009-08-28,2,Low Consumption High Variability,18.647366666666667,4.25,5.469941242820702,1.0083254200085805,1778.0,1125.0,7485.0,1.778,1.125,7.485,10.388,0.22066565252287632,240.8744375,4,0,8,2009
2009-08-29,0,Moderate Stable Consumption,23.140233333333335,4.75,4.926484463567783,0.8253394819731807,905.0,1483.0,11707.0,0.905,1.483,11.707,14.095,0.22725210203872906,240.97532638888887,5,1,8,2009
2009-08-30,2,Low Consumption High Variability,27.8057,6.93,5.981507388772806,0.9096353564665484,2653.0,1363.0,10648.0,2.653,1.363,10.648,14.664,0.17627321016913797,241.08125694444445,6,1,8,2009
2009-08-31,0,Moderate Stable Consumption,21.092033333333333,4.784,5.443571901555248,0.8132399547188823,960.0,678.0,9974.0,0.96,0.678,9.974,11.612,0.17330240011631567,238.7429027777778,0,0,8,2009
2009-09-01,3,Very Low Consumption,16.342266666666667,3.414,5.01374758295463,0.885458344368012,0.0,697.0,6073.0,0.0,0.697,6.073,6.7700000000000005,0.22138095898569768,241.22110416666666,1,0,9,2009
2009-09-02,0,Moderate Stable Consumption,20.380233333333333,4.358,5.132031527280518,0.9010518914960396,947.0,659.0,9921.0,0.947,0.659,9.921,11.527,0.16998333352415004,241.81777083333336,2,0,9,2009
2009-09-03,1,High Consumption High Demand,20.853133333333336,4.45,5.121532495516261,0.9117110153682162,3319.0,3099.0,5011.0,3.319,3.099,5.011,11.429,0.17058827290543066,241.33006944444443,3,0,9,2009
2009-09-04,0,Moderate Stable Consumption,17.07313333333333,3.678,5.170228468119502,0.889481916908904,0.0,636.0,8095.0,0.0,0.636,8.095,8.731,0.17675333955493427,242.01287499999998,4,0,9,2009
2009-09-05,2,Low Consumption High Variability,25.2311,5.862,5.575975680806624,0.8795921141168298,2988.0,2248.0,10433.0,2.988,2.248,10.433,15.669,0.17839623850459682,240.86027777777778,5,1,9,2009
2009-09-06,0,Moderate Stable Consumption,20.47716666666667,4.412,5.17102789285627,0.9913982232473693,995.0,588.0,9031.0,0.995,0.588,9.031,10.614,0.1794942334144535,241.86031944444443,6,1,9,2009
2009-09-07,2,Low Consumption High Variability,20.357633333333336,6.746,7.952987331533299,1.1874191111343584,2196.0,577.0,8299.0,2.196,0.577,8.299,11.072,0.16496023604577478,241.71161805555553,0,0,9,2009
2009-09-08,2,Low Consumption High Variability,18.104233333333333,4.792,6.3525473784216215,1.02451190661245,1002.0,577.0,8533.0,1.002,0.577,8.533,10.112,0.18430680117173337,241.35160416666668,1,0,9,2009
2009-09-09,1,High Consumption High Demand,25.355733333333333,4.854,4.59446384249716,0.8513894228184617,964.0,3832.0,10671.0,0.964,3.832,10.671,15.466999999999999,0.14695690126624877,241.30850694444445,2,0,9,2009
2009-09-10,2,Low Consumption High Variability,18.539233333333335,5.39,6.977634817692929,1.0775554543342811,928.0,600.0,6508.0,0.928,0.6,6.508,8.036,0.18194927154484994,241.2289513888889,3,0,9,2009
2009-09-11,0,Moderate Stable Consumption,20.235766666666667,3.764,4.464174819173311,0.8088883056125665,0.0,631.0,11693.0,0.0,0.631,11.693,12.324,0.15103455432872162,241.14999305555554,4,0,9,2009
2009-09-12,1,High Consumption High Demand,34.40596666666667,5.758,4.0165126397650015,0.9690617964277737,9583.0,1202.0,12601.0,9.583,1.202,12.601,23.386000000000003,0.1575288782275167,240.70704861111113,5,1,9,2009
2009-09-13,2,Low Consumption High Variability,26.1938,5.894,5.400361917705717,0.9169440760336951,4146.0,612.0,10188.5,4.146,0.612,10.1885,14.9465,0.17261654793628006,240.24939583333332,6,1,9,2009
2009-09-14,2,Low Consumption High Variability,26.247633333333333,7.344,6.715119712380418,0.9316778796343185,2843.0,603.0,9091.0,2.843,0.603,9.091,12.536999999999999,0.15218260947971182,241.47695833333333,0,0,9,2009
2009-09-15,2,Low Consumption High Variability,24.2801,6.06,5.990090650367996,0.9885264588992014,1769.0,560.0,8644.0,1.769,0.56,8.644,10.972999999999999,0.12649316381179102,240.99238194444447,1,0,9,2009
2009-09-16,0,Moderate Stable Consumption,29.0527,5.696,4.705380222836432,0.8765258892496077,1035.0,3470.0,13384.0,1.035,3.47,13.384,17.889,0.11344097679963193,240.23129166666666,2,0,9,2009
2009-09-17,0,Moderate Stable Consumption,20.39043333333333,3.308,3.893590621745819,0.7686592394472695,0.0,563.0,9710.0,0.0,0.563,9.71,10.273000000000001,0.13673242190373594,241.3606527777778,3,0,9,2009
2009-09-18,2,Low Consumption High Variability,22.900533333333332,6.83,7.157911897248391,1.0473406158655845,1993.0,652.0,9151.0,1.993,0.652,9.151,11.796,0.1231499703063684,241.09920138888887,4,0,9,2009
2009-09-19,1,High Consumption High Demand,35.595166666666664,7.826,5.2766714582035945,0.7694684619648681,1607.0,4050.0,14845.0,1.607,4.05,14.845,20.502000000000002,0.12337442817611007,240.35401388888891,5,1,9,2009
2009-09-20,1,High Consumption High Demand,33.922133333333335,6.754,4.778473052009308,0.7834528997662102,4532.0,2466.0,11935.0,4.532,2.466,11.935,18.933,0.14528076064398468,241.29544444444446,6,1,9,2009
2009-09-21,0,Moderate Stable Consumption,23.63113333333333,5.59,5.677256274914167,0.9072079140832155,921.0,604.0,10844.0,0.921,0.604,10.844,12.369,0.15104791137115725,241.2526875,0,0,9,2009
2009-09-22,0,Moderate Stable Consumption,20.7756,4.648,5.3693756137006865,0.8245118655474524,937.0,597.0,8502.0,0.937,0.597,8.502,10.036000000000001,0.16626555510631058,241.18202777777776,1,0,9,2009
2009-09-23,0,Moderate Stable Consumption,27.276833333333332,5.574,4.904381618100831,0.8580158766566133,2085.0,978.0,12884.0,2.085,0.978,12.884,15.947,0.1441785153457452,240.74660416666666,2,0,9,2009
2009-09-24,2,Low Consumption High Variability,23.770966666666666,5.794,5.849825206940118,1.1093431059061638,1051.0,621.0,10374.0,1.051,0.621,10.374,12.046000000000001,0.15710762007995746,240.38723611111112,3,0,9,2009
2009-09-25,0,Moderate Stable Consumption,19.350266666666666,3.08,3.8201023930764086,0.7535194199946738,0.0,594.0,9694.0,0.0,0.594,9.694,10.288,0.17906385441716566,241.42292361111112,4,0,9,2009
2009-09-26,0,Moderate Stable Consumption,25.937566666666665,3.818,3.532790919734183,0.7430256789043899,1943.0,571.0,14581.0,1.943,0.571,14.581,17.095,0.18508675319067452,241.17850694444445,5,1,9,2009
2009-09-27,2,Low Consumption High Variability,23.507866666666665,5.604,5.721318820933702,1.0464089428788972,1817.0,4571.0,8554.0,1.817,4.571,8.554,14.942,0.16340912829180587,241.22180555555556,6,1,9,2009
2009-09-28,0,Moderate Stable Consumption,21.6576,3.806,4.217641843971632,0.8929767043922135,0.0,603.0,10797.0,0.0,0.603,10.797,11.4,0.14867606136721828,241.72634027777778,0,0,9,2009
2009-09-29,2,Low Consumption High Variability,19.10663333333333,4.814,6.046905176038339,1.0125277593561892,1031.0,603.0,7322.0,1.031,0.603,7.322,8.956,0.1743530606299034,240.8973472222222,1,0,9,2009
2009-09-30,1,High Consumption High Demand,29.6078,4.702,3.8114280696303,0.8303968032788158,970.0,8080.0,9243.0,0.97,8.08,9.243,18.293,0.1197094459342921,240.75757638888888,2,0,9,2009
2009-10-01,2,Low Consumption High Variability,21.4542,5.406,6.047487205302458,1.1944917642148714,950.0,602.0,9433.0,0.95,0.602,9.433,10.985,0.14404017239825612,241.52952083333335,3,0,10,2009
2009-10-02,0,Moderate Stable Consumption,19.211133333333333,3.7,4.62231969656484,0.8592507014906188,0.0,570.0,10142.0,0.0,0.57,10.142,10.712,0.15889744488438998,240.75888194444443,4,0,10,2009
2009-10-03,0,Moderate Stable Consumption,28.612333333333332,5.594,4.692242273145613,0.8549622455825531,3644.0,920.0,14480.0,3.644,0.92,14.48,19.044,0.1487680137935855,240.63635416666665,5,1,10,2009
2009-10-04,1,High Consumption High Demand,27.018433333333334,6.332,5.624604436724064,1.0263904234581924,3189.0,3499.0,8980.0,3.189,3.499,8.98,15.668000000000001,0.13892367309725584,240.6988611111111,6,1,10,2009
2009-10-05,0,Moderate Stable Consumption,21.258699999999997,4.084,4.610630000893751,0.8527385966425645,984.0,542.0,7983.0,0.984,0.542,7.983,9.509,0.1266461887760462,241.22052083333332,0,0,10,2009
2009-10-06,0,Moderate Stable Consumption,23.807466666666667,5.036,5.076726629180761,0.9085891583364503,1.0,543.0,8806.0,0.001,0.543,8.806,9.35,0.12550404354936268,241.18004861111112,1,0,10,2009
2009-10-07,1,High Consumption High Demand,30.3639,6.284,4.966950885755782,0.7991186244887558,734.0,4334.0,9908.0,0.734,4.334,9.908,14.975999999999999,0.11385340267005666,241.2119583333333,2,0,10,2009
2009-10-08,0,Moderate Stable Consumption,26.286099999999998,5.026,4.5888891847782665,0.7859929567545695,2091.0,619.0,11568.0,2.091,0.619,11.568,14.277999999999999,0.11832235795090688,241.06977777777777,3,0,10,2009
2009-10-09,0,Moderate Stable Consumption,22.531033333333333,3.404,3.6259322327278967,0.6750567150104674,0.0,559.0,10718.0,0.0,0.559,10.718,11.277,0.13937665235060975,240.81015277777777,4,0,10,2009
2009-10-10,0,Moderate Stable Consumption,33.54593333333334,6.658,4.76337916766861,0.8300354148174601,4510.0,570.0,14811.0,4.51,0.57,14.811,19.891,0.12700098770044654,239.76139583333332,5,1,10,2009
2009-10-11,1,High Consumption High Demand,32.31451666666667,6.492,4.821610101961399,1.0286750559916118,4111.0,6454.0,8648.5,4.111,6.454,8.6485,19.2135,0.1387090734762653,240.6491597222222,6,1,10,2009
2009-10-12,0,Moderate Stable Consumption,22.526733333333333,3.756,4.001645452366225,0.9101327567011751,997.0,515.0,9420.0,0.997,0.515,9.42,10.932,0.11668654428368072,240.22382638888888,0,0,10,2009
2009-10-13,0,Moderate Stable Consumption,24.151666666666664,4.736,4.706259057345939,0.8561996312229716,983.0,530.0,9530.0,0.983,0.53,9.53,11.043,0.11413429024912015,240.24728472222225,1,0,10,2009
2009-10-14,1,High Consumption High Demand,28.5204,5.246,4.4145243404720835,0.8197224423422637,2001.0,3131.0,10013.0,2.001,3.131,10.013,15.145,0.10231857430704572,239.7594652777778,2,0,10,2009
2009-10-15,0,Moderate Stable Consumption,24.832933333333333,5.266,5.089370567042691,0.923390883973658,1629.0,463.0,9641.0,1.629,0.463,9.641,11.733,0.09371426116930744,241.12213194444445,3,0,10,2009
2009-10-16,0,Moderate Stable Consumption,25.281,5.082,4.824492702029192,0.7928620831744255,0.0,482.0,11136.0,0.0,0.482,11.136,11.617999999999999,0.0958453647666891,240.24599999999998,4,0,10,2009
2009-10-17,1,High Consumption High Demand,45.70133333333333,8.126,4.267359085074104,0.7403510933543488,5490.0,4364.0,18326.0,5.49,4.364,18.326,28.18,0.0952386509511028,238.8905625,5,1,10,2009
2009-10-18,0,Moderate Stable Consumption,25.936066666666665,4.58,4.238113720661833,0.7304123119142307,712.0,499.0,11144.0,0.712,0.499,11.144,12.355,0.09166386062137409,240.7508402777778,6,1,10,2009
2009-10-19,0,Moderate Stable Consumption,22.818466666666666,4.67,4.911811193857607,1.0218184735884888,1104.0,457.0,8227.0,1.104,0.457,8.227,9.788,0.09813542832267433,242.26024305555555,0,0,10,2009
2009-10-20,0,Moderate Stable Consumption,28.713466666666665,5.124,4.282868433394783,0.786666147321329,760.0,450.0,11005.0,0.76,0.45,11.005,12.215,0.0879714976944616,242.52750694444444,1,0,10,2009
2009-10-21,1,High Consumption High Demand,32.8251,5.17,3.7800341811601483,0.8382285214314305,2031.0,5916.0,8569.0,2.031,5.916,8.569,16.516000000000002,0.09757269081688504,242.30701388888886,2,0,10,2009
2009-10-22,0,Moderate Stable Consumption,23.328500000000002,5.146,5.294125211650985,0.763456843382992,0.0,492.0,11074.0,0.0,0.492,11.074,11.565999999999999,0.11134449278779175,242.4139583333333,3,0,10,2009
2009-10-23,2,Low Consumption High Variability,29.290833333333335,8.708,7.135065008961849,0.9634154840437407,3180.0,495.0,11696.0,3.18,0.495,11.696,15.371,0.1119258015875274,241.09628472222224,4,0,10,2009
2009-10-24,1,High Consumption High Demand,43.57346666666667,5.752,3.1681665600778457,0.7743416443938479,6202.0,518.0,15941.0,6.202,0.518,15.941,22.661,0.08356155580919275,239.8931875,5,1,10,2009
2009-10-25,1,High Consumption High Demand,40.10893333333333,6.586,3.940867703620474,0.7569928983443108,3010.0,6181.0,13691.0,3.01,6.181,13.691,22.881999999999998,0.10105063876044237,239.92554861111108,6,1,10,2009
2009-10-26,0,Moderate Stable Consumption,18.539066666666667,3.848,4.981480549182627,0.8624344970497044,475.0,468.0,5788.0,0.475,0.468,5.788,6.731,0.14403457923088542,241.53043055555557,0,0,10,2009
2009-10-27,0,Moderate Stable Consumption,18.6126,5.014,6.46529770155701,0.8905754932235794,579.0,449.0,8367.0,0.579,0.449,8.367,9.395000000000001,0.1556275497960163,241.2427638888889,1,0,10,2009
2009-10-28,0,Moderate Stable Consumption,21.145133333333334,5.218,5.9224975329232565,0.8297068421744419,1044.0,463.0,9318.0,1.044,0.463,9.318,10.825,0.13003149660914884,241.40815277777776,2,0,10,2009
2009-10-29,1,High Consumption High Demand,33.024,6.032,4.383720930232558,0.9295630111645842,765.0,4125.0,5677.0,0.765,4.125,5.677,10.567,0.12710049257105943,240.3468611111111,3,0,10,2009
2009-10-30,1,High Consumption High Demand,24.8893,5.978,5.764404784385258,0.8747937190401684,1779.0,2005.0,8828.0,1.779,2.005,8.828,12.611999999999998,0.11285572515096848,241.48033333333333,4,0,10,2009
2009-10-31,0,Moderate Stable Consumption,31.2657,6.064,4.654813421736919,0.8516804634784902,1773.0,2514.0,14637.0,1.773,2.514,14.637,18.924,0.09118512192807665,240.51906250000002,5,1,10,2009
2009-11-01,0,Moderate Stable Consumption,30.719466666666666,5.216,4.075070747756038,0.7668964454871,1970.0,470.0,12215.0,1.97,0.47,12.215,14.655,0.12039163006302192,240.92416666666665,6,1,11,2009
2009-11-02,0,Moderate Stable Consumption,25.07043333333333,4.366,4.179584716658268,0.8588136055105399,1881.0,471.0,7490.0,1.881,0.471,7.49,9.842,0.11306944568169944,241.28460416666667,0,0,11,2009
2009-11-03,1,High Consumption High Demand,37.77813333333334,6.938,4.40762910466725,0.8826677557005962,2009.0,3951.0,9025.0,2.009,3.951,9.025,14.985,0.10665870203574555,241.14193055555555,1,0,11,2009
2009-11-04,1,High Consumption High Demand,30.029999999999998,5.97,4.771228771228771,0.8262373816906584,1075.0,4008.0,12246.0,1.075,4.008,12.246,17.329,0.0956976356976357,242.07813194444446,2,0,11,2009
2009-11-05,0,Moderate Stable Consumption,26.007766666666665,5.268,4.861317068106579,0.8930145579178957,1105.0,532.0,9868.0,1.105,0.532,9.868,11.505,0.10193365315232758,241.6652777777778,3,0,11,2009
2009-11-06,0,Moderate Stable Consumption,23.174166666666668,4.19,4.339314610377936,0.6865574570786414,0.0,442.0,11326.0,0.0,0.442,11.326,11.768,0.12179797907152362,242.56815972222225,4,0,11,2009
2009-11-07,0,Moderate Stable Consumption,25.95293333333333,4.318,3.9930746428149417,0.7341899723635394,2187.0,408.0,10014.0,2.187,0.408,10.014,12.608999999999998,0.12694775670829758,241.87858333333332,5,1,11,2009
2009-11-08,1,High Consumption High Demand,41.80003333333333,6.23,3.5770306403264436,0.7996903461388053,4941.0,2075.0,14871.0,4.941,2.075,14.871,21.887,0.09038589283421623,243.25039583333333,6,1,11,2009
2009-11-09,0,Moderate Stable Consumption,23.45795,5.818,5.952438299169364,0.9863942898919292,1126.0,430.0,7639.5,1.126,0.43,7.6395,9.1955,0.12640917045180844,243.57511111111108,0,0,11,2009
2009-11-10,0,Moderate Stable Consumption,26.76973333333333,5.452,4.887908234672989,0.6913517698868421,1118.0,432.0,11788.0,1.118,0.432,11.788,13.338000000000001,0.10416116708920023,242.50097916666664,1,0,11,2009
2009-11-11,1,High Consumption High Demand,34.008,6.91,4.876499647141849,0.8850266385229125,2338.0,5105.0,11214.0,2.338,5.105,11.214,18.657,0.10932133615619855,242.37135416666666,2,0,11,2009
2009-11-12,0,Moderate Stable Consumption,24.384433333333334,5.83,5.738087003593823,0.9802629405516137,1486.0,429.0,9403.0,1.486,0.429,9.403,11.318000000000001,0.10471024547081267,242.2066736111111,3,0,11,2009
2009-11-13,0,Moderate Stable Consumption,25.548766666666666,4.838,4.5447203583212765,0.810229609328415,1856.0,407.0,9178.0,1.856,0.407,9.178,11.441,0.10237415243788676,241.23570833333332,4,0,11,2009
2009-11-14,1,High Consumption High Demand,42.67426666666667,6.038,3.3957701284458706,0.7095281772838647,4169.0,2411.0,18868.0,4.169,2.411,18.868,25.448,0.09601727192343863,240.22240277777777,5,1,11,2009
2009-11-15,1,High Consumption High Demand,32.788466666666665,8.726,6.387123927722554,0.9974869789285651,991.0,5278.0,9446.0,0.991,5.278,9.446,15.715,0.10732838986066238,240.32536805555557,6,1,11,2009
2009-11-16,2,Low Consumption High Variability,25.241133333333334,7.116,6.766098722455674,0.9503619147482973,2021.0,545.0,9354.0,2.021,0.545,9.354,11.919999999999998,0.10379486393902017,241.884875,0,0,11,2009
2009-11-17,0,Moderate Stable Consumption,28.471566666666668,4.04,3.405502799869343,0.6729012269858616,0.0,453.0,11616.0,0.0,0.453,11.616,12.068999999999999,0.0981259666076214,242.66059722222224,1,0,11,2009
2009-11-18,1,High Consumption High Demand,43.98623333333333,8.432,4.600712192526904,0.8089180831859399,6012.0,7655.0,13787.0,6.012,7.655,13.787,27.454,0.07725144306514084,241.29666666666668,2,0,11,2009
2009-11-19,0,Moderate Stable Consumption,24.5808,3.968,3.874243311853154,0.6573435686399509,0.0,481.0,10936.0,0.0,0.481,10.936,11.417,0.10106397405020721,242.97506944444442,3,0,11,2009
2009-11-20,0,Moderate Stable Consumption,32.6836,6.408,4.70547920057766,0.7457598125224171,843.0,407.0,12816.0,0.843,0.407,12.816,14.066,0.07446446127925525,241.58236805555555,4,0,11,2009
2009-11-21,1,High Consumption High Demand,41.61426666666667,8.018,4.624183373009897,0.8335428774114371,5694.0,1997.0,12553.0,5.694,1.997,12.553,20.244,0.08462802820827472,240.62086805555555,5,1,11,2009
2009-11-22,1,High Consumption High Demand,40.8496,7.84,4.606165054247777,0.8986723486085486,6774.0,411.0,16097.0,6.774,0.411,16.097,23.282,0.09083646677894845,241.0777013888889,6,1,11,2009
2009-11-23,0,Moderate Stable Consumption,24.518700000000003,4.764,4.66321623903388,0.8353795342232556,0.0,402.0,8230.0,0.0,0.402,8.23,8.632,0.10083324156664096,242.7427152777778,0,0,11,2009
2009-11-24,1,High Consumption High Demand,35.48093333333334,9.732,6.582915894734072,0.9411363396885893,2491.0,4579.0,9086.0,2.491,4.579,9.086,16.156,0.07225476969790347,241.9765277777778,1,0,11,2009
2009-11-25,1,High Consumption High Demand,33.00216666666667,5.69,4.137910137213214,0.778676863943929,745.0,5083.0,10596.0,0.745,5.083,10.596,16.424,0.08861842404286586,241.17878472222222,2,0,11,2009
2009-11-26,0,Moderate Stable Consumption,26.660433333333334,5.964,5.3688549698492025,0.8768222368011362,2262.0,407.0,10069.0,2.262,0.407,10.069,12.738000000000001,0.08848443323626898,242.6434652777778,3,0,11,2009
2009-11-27,0,Moderate Stable Consumption,23.000433333333334,3.038,3.170027231371003,0.6903304863742756,0.0,396.0,11599.0,0.0,0.396,11.599,11.995000000000001,0.0964126762829106,241.85881944444446,4,0,11,2009
2009-11-28,0,Moderate Stable Consumption,30.9825,5.834,4.51919632050351,0.7344831651257783,3199.0,386.0,14350.0,3.199,0.386,14.35,17.935,0.12115333925065223,241.5964513888889,5,1,11,2009
2009-11-29,1,High Consumption High Demand,27.516033333333333,6.436,5.613599828463648,0.9181082036283552,1073.0,3061.0,7828.0,1.073,3.061,7.828,11.962,0.11572404452676682,243.30872222222223,6,1,11,2009
2009-11-30,0,Moderate Stable Consumption,29.0865,4.854,4.005157031612604,0.6745273649884415,1080.0,361.0,12039.0,1.08,0.361,12.039,13.48,0.08788842475604375,243.76430555555555,0,0,11,2009
2009-12-01,0,Moderate Stable Consumption,29.272966666666665,4.088,3.3516247641453036,0.7103953982379947,0.0,354.0,10821.0,0.0,0.354,10.821,11.174999999999999,0.08077646155895826,242.63315277777778,1,0,12,2009
2009-12-02,1,High Consumption High Demand,39.09446666666667,6.044,3.710397208812159,0.6582974417550188,1143.0,7052.0,12851.0,1.143,7.052,12.851,21.046,0.07257207754891143,241.6693125,2,0,12,2009
2009-12-03,0,Moderate Stable Consumption,24.66146666666667,5.486,5.3388552181270645,0.7902457643929663,1039.0,402.0,9906.0,1.039,0.402,9.906,11.347000000000001,0.09814366271808651,243.28409722222221,3,0,12,2009
2009-12-04,0,Moderate Stable Consumption,28.52156666666667,4.63,3.895999167881147,0.7969691575911295,1158.0,352.0,9134.0,1.158,0.352,9.134,10.644,0.10706634862273812,243.38570138888886,4,0,12,2009
2009-12-05,0,Moderate Stable Consumption,39.19603333333334,6.01,3.679964214065879,0.8251258078872812,3822.0,351.0,13324.0,3.822,0.351,13.324,17.497,0.11655601204543659,241.29875694444445,5,1,12,2009
2009-12-06,1,High Consumption High Demand,39.638133333333336,8.494,5.14292634029184,0.869572950052398,2850.0,4175.0,12420.0,2.85,4.175,12.42,19.445,0.12273198199713407,241.26927083333334,6,1,12,2009
2009-12-07,0,Moderate Stable Consumption,29.043966666666666,5.038,4.16306771687522,0.7934347719984933,1132.0,358.0,10291.0,1.132,0.358,10.291,11.781,0.09473453465378351,242.54359722222225,0,0,12,2009
2009-12-08,0,Moderate Stable Consumption,33.44806666666667,6.022,4.320967230791616,0.7513000471153918,1108.0,350.0,15376.0,1.108,0.35,15.376,16.834,0.08928866840335566,243.73107638888888,1,0,12,2009
2009-12-09,1,High Consumption High Demand,30.039266666666666,5.09,4.066677171435609,0.8107571677976649,2054.0,3355.0,7971.0,2.054,3.355,7.971,13.379999999999999,0.1040826562565886,242.40731944444443,2,0,12,2009
2009-12-10,0,Moderate Stable Consumption,34.3194,5.662,3.9595097816395386,0.7127053095950192,2823.0,351.0,15435.0,2.823,0.351,15.435,18.609,0.10861106740405328,241.77770833333335,3,0,12,2009
2009-12-11,0,Moderate Stable Consumption,29.741033333333334,5.6,4.519009090695122,0.7573749791205681,1546.0,385.0,11251.0,1.546,0.385,11.251,13.181999999999999,0.12307575056235436,244.29111805555556,4,0,12,2009
2009-12-12,1,High Consumption High Demand,30.273000000000003,6.788,5.38142899613517,1.0002286703369272,1087.0,4120.0,8198.0,1.087,4.12,8.198,13.405000000000001,0.13693720476992696,244.9389513888889,5,1,12,2009
2009-12-13,0,Moderate Stable Consumption,35.646899999999995,4.6,3.097043501678968,0.7896630108477062,3984.0,417.0,13178.0,3.984,0.417,13.178,17.579,0.10388467627386021,244.4975972222222,6,1,12,2009
2009-12-14,0,Moderate Stable Consumption,29.91436666666667,6.974,5.595171105076602,1.0303441248027414,1090.0,2280.0,10742.0,1.09,2.28,10.742,14.112000000000002,0.08467614780412087,246.1488125,0,0,12,2009
2009-12-15,0,Moderate Stable Consumption,32.33526666666667,5.132,3.8090918274989742,0.6871902793954214,1111.0,392.0,14084.0,1.111,0.392,14.084,15.587,0.083677470831641,246.04318055555555,1,0,12,2009
2009-12-16,0,Moderate Stable Consumption,23.2479,4.884,5.042003793891062,0.9142089479263263,1143.0,2943.0,8104.0,1.143,2.943,8.104,12.19,0.110712508800078,247.21586805555555,2,0,12,2009
2009-12-17,0,Moderate Stable Consumption,28.6197,4.24,3.5555928259206073,0.6462326121014603,0.0,308.0,14395.0,0.0,0.308,14.395,14.703,0.08675259815208872,246.89413194444444,3,0,12,2009
2009-12-18,0,Moderate Stable Consumption,29.078433333333333,4.936,4.073947129201138,0.7589926645514731,1195.0,304.0,11466.0,1.195,0.304,11.466,12.965,0.09194557707716947,246.5948541666667,4,0,12,2009
2009-12-19,0,Moderate Stable Consumption,36.738899999999994,5.698,3.7222671337465196,0.6305330624511883,1165.0,2662.0,13681.0,1.165,2.662,13.681,17.508,0.062426111469496004,245.93454166666666,5,1,12,2009
2009-12-20,0,Moderate Stable Consumption,19.069433333333333,5.688,7.158681519989233,0.9619911014364746,1237.0,313.0,7795.0,1.237,0.313,7.795,9.345,0.1067152843206318,247.43500694444444,6,1,12,2009
2009-12-21,0,Moderate Stable Consumption,33.9161,7.2,5.094925418901348,0.8458006884293527,3293.0,282.0,11473.0,3.293,0.282,11.473,15.048000000000002,0.08449674343453405,246.4092152777778,0,0,12,2009
2009-12-22,0,Moderate Stable Consumption,31.467033333333333,4.636,3.5358910012701124,0.6604823154411565,0.0,285.0,15829.0,0.0,0.285,15.829,16.114,0.08122892635784963,245.73843749999997,1,0,12,2009
2009-12-23,0,Moderate Stable Consumption,24.253333333333334,5.276,5.220890599230346,0.7703276621689619,1143.0,284.0,11205.0,1.143,0.284,11.205,12.632,0.09305662451896644,246.87896527777778,2,0,12,2009
2009-12-24,1,High Consumption High Demand,48.43156666666666,7.57,3.751272413928382,0.899475863138215,5184.0,5575.0,15198.0,5.184,5.575,15.198,25.957,0.07008514419314676,245.83511805555557,3,0,12,2009
2009-12-25,1,High Consumption High Demand,35.4608,5.878,3.978252041691107,0.727096141836347,3371.0,3895.0,14288.0,3.371,3.895,14.288,21.554000000000002,0.09042097189008708,243.58829861111113,4,0,12,2009
2009-12-26,1,High Consumption High Demand,36.393633333333334,6.446,4.250853400182633,0.6689454796992456,1186.0,4294.0,16047.0,1.186,4.294,16.047,21.527,0.07367772201914438,242.46571527777778,5,1,12,2009
2009-12-27,0,Moderate Stable Consumption,36.59086666666666,6.464,4.239746530554984,0.7755870158072242,4218.0,318.0,12450.0,4.218,0.318,12.45,16.985999999999997,0.09436052348218045,242.66604166666664,6,1,12,2009
2009-12-28,0,Moderate Stable Consumption,34.90163333333333,4.952,3.4052274535384686,0.7343810682351487,2175.0,2063.0,14934.0,2.175,2.063,14.934,19.171999999999997,0.0867523869465517,243.77761111111113,0,0,12,2009
2009-12-29,0,Moderate Stable Consumption,34.1328,5.216,3.6675573055828994,0.7395378947464449,1260.0,346.0,10205.0,1.26,0.346,10.205,11.811,0.11819032328630136,243.18301388888887,1,0,12,2009
2009-12-30,1,High Consumption High Demand,40.85183333333334,7.84,4.605913239307905,0.899667791860132,5284.0,4539.0,12484.0,5.284,4.539,12.484,22.307000000000002,0.10884619621314424,241.05222916666668,2,0,12,2009
2009-12-31,0,Moderate Stable Consumption,36.864866666666664,4.69,3.0533136337578877,0.598828335573992,0.0,387.0,19409.0,0.0,0.387,19.409,19.796,0.08436759118437971,240.95881944444446,3,0,12,2009
2010-01-01,2,Low Consumption High Variability,20.4042,4.976,5.85291263563384,0.8201614118678332,2304.0,327.0,3558.0,2.304,0.327,3.558,6.189,0.13505062683173075,242.56572222222223,4,0,1,2010
2010-01-02,0,Moderate Stable Consumption,21.863583333333334,6.236,6.845355480765199,1.0198324891053403,801.0,298.0,6441.5,0.801,0.298,6.4415,7.5405,0.15219676555002037,244.67208333333332,5,1,1,2010
2010-01-03,1,High Consumption High Demand,34.72423333333334,6.382,4.410982915869512,0.8989206215163341,3842.0,4920.0,10074.0,3.842,4.92,10.074,18.836,0.0919674732439497,243.74452777777776,6,1,1,2010
2010-01-04,0,Moderate Stable Consumption,26.735533333333333,4.56,4.093428720329748,0.7213344981900505,0.0,292.0,10812.0,0.0,0.292,10.812,11.104,0.09750070443080744,245.69911805555554,0,0,1,2010
2010-01-05,0,Moderate Stable Consumption,36.99633333333334,5.544,3.5964645145014362,0.6492322722501711,1785.0,293.0,16468.0,1.785,0.293,16.468,18.546,0.06709493733613241,244.5210347222222,1,0,1,2010
2010-01-06,0,Moderate Stable Consumption,29.619666666666667,5.304,4.297685096613736,0.8179762607273507,1731.0,3256.0,11359.0,1.731,3.256,11.359,16.346,0.08557377418156854,245.2348125,2,0,1,2010
2010-01-07,0,Moderate Stable Consumption,29.4907,4.908,3.9942083436473195,0.7749155213308391,1198.0,255.0,12936.0,1.198,0.255,12.936,14.389,0.06500580408965086,244.90856250000002,3,0,1,2010
2010-01-08,0,Moderate Stable Consumption,29.953466666666667,5.454,4.369978321930461,0.7003415148525061,0.0,994.0,12531.0,0.0,0.994,12.531,13.525,0.08890456752918972,244.4048125,4,0,1,2010
2010-01-09,1,High Consumption High Demand,38.94833333333334,8.154,5.024502546108091,0.9141636971391066,2781.0,4855.0,14734.0,2.781,4.855,14.734,22.37,0.08532671487868543,243.8697361111111,5,1,1,2010
2010-01-10,1,High Consumption High Demand,41.807766666666666,7.35,4.219311722781971,0.8290962264624544,3564.0,2032.0,14108.0,3.564,2.032,14.108,19.704,0.09056132313533452,243.84061805555555,6,1,1,2010
2010-01-11,0,Moderate Stable Consumption,25.3114,5.36,5.082294934298379,0.8589561230024962,1251.0,340.0,10279.0,1.251,0.34,10.279,11.87,0.10285615704122779,246.0691111111111,0,0,1,2010
2010-01-15,1,High Consumption High Demand,36.61266666666667,9.098,5.96383765181449,0.909560627693727,1957.0,2952.0,13546.0,1.957,2.952,13.546,18.455,0.09936907081337969,243.72576388888888,4,0,1,2010
2010-01-16,1,High Consumption High Demand,35.8352,6.634,4.44300575969996,0.7469918308717997,2605.0,2415.0,13652.0,2.605,2.415,13.652,18.671999999999997,0.11279319402896221,243.0452361111111,5,1,1,2010
2010-01-17,0,Moderate Stable Consumption,31.775933333333334,5.12,3.8670775996089284,0.7456454760494863,1992.0,298.0,15044.0,1.992,0.298,15.044,17.334,0.09912428483611287,242.54300694444444,6,1,1,2010
2010-01-18,0,Moderate Stable Consumption,31.351633333333332,4.906,3.755593807446502,0.6191145085344147,617.0,295.0,12981.0,0.617,0.295,12.981,13.893,0.10194684168501587,243.63636805555555,0,0,1,2010
2010-01-19,0,Moderate Stable Consumption,40.55846666666666,6.674,3.949261724226919,0.7064375096180686,2044.0,653.0,19311.0,2.044,0.653,19.311,22.008,0.06646947534176999,243.02311111111112,1,0,1,2010
2010-01-20,1,High Consumption High Demand,39.19546666666667,6.01,3.6800174169801947,0.7655560338505352,2317.0,3341.0,14563.0,2.317,3.341,14.563,20.221,0.08498431791431663,242.76043750000002,2,0,1,2010
2010-01-21,0,Moderate Stable Consumption,35.63093333333333,5.348,3.6022632020117356,0.7132906947669625,894.0,449.0,16451.0,0.894,0.449,16.451,17.794,0.08673175368219374,242.95125,3,0,1,2010
2010-01-22,0,Moderate Stable Consumption,29.843766666666667,5.228,4.204295034250592,0.627172168540516,699.0,352.0,14512.0,0.699,0.352,14.512,15.563,0.08759953223062773,241.8501736111111,4,0,1,2010
2010-01-23,1,High Consumption High Demand,43.52568333333333,7.042,3.8829488030247274,0.7724680318283749,3154.0,4086.0,16039.0,3.154,4.086,16.039,23.279000000000003,0.0998008455544064,240.82820833333332,5,1,1,2010
2010-01-24,1,High Consumption High Demand,37.82366666666667,9.122,5.788122075243895,0.8777866610132169,3496.0,2760.0,11046.0,3.496,2.76,11.046,17.302,0.07721708630398956,241.74617361111112,6,1,1,2010
2010-01-25,0,Moderate Stable Consumption,32.17516666666667,6.048,4.511305302743835,0.7975559020698321,1368.0,455.0,16136.0,1.368,0.455,16.136,17.959,0.07649481225168481,242.8986111111111,0,0,1,2010
2010-01-26,0,Moderate Stable Consumption,34.459399999999995,4.666,3.2497373720958587,0.5413177831299867,526.0,395.0,16243.0,0.526,0.395,16.243,17.163999999999998,0.06332573018295928,243.33947916666665,1,0,1,2010
2010-01-27,1,High Consumption High Demand,46.015033333333335,7.078,3.6916630869186955,0.66314016780175,2044.0,6403.0,18154.0,2.044,6.403,18.154,26.601,0.05388166620908674,241.98610416666665,2,0,1,2010
2010-01-28,0,Moderate Stable Consumption,35.170566666666666,5.166,3.5252204257916424,0.7058965733036894,2032.0,504.0,14987.0,2.032,0.504,14.987,17.523,0.0751196312825971,243.2490347222222,3,0,1,2010
2010-01-29,0,Moderate Stable Consumption,34.88316666666666,5.964,4.103297196833239,0.6975713871179683,1488.0,851.0,18061.0,1.488,0.851,18.061,20.4,0.07055647661957297,243.63280555555554,4,0,1,2010
2010-01-30,1,High Consumption High Demand,47.3788,8.006,4.055484731567705,0.7889502774941318,3240.0,7544.0,17891.0,3.24,7.544,17.891,28.674999999999997,0.0830174395862003,242.07939583333334,5,1,1,2010
2010-01-31,0,Moderate Stable Consumption,29.9866,4.89,3.9137481408362405,0.806572055986469,1715.0,1380.0,12569.0,1.715,1.38,12.569,15.664000000000001,0.09532924706368845,243.40263888888887,6,1,1,2010
2010-02-01,0,Moderate Stable Consumption,28.229633333333332,4.3,3.6557329236771285,0.789281688880157,1111.0,367.0,14623.0,1.111,0.367,14.623,16.101,0.07367199243348302,243.63174305555557,0,0,2,2010
2010-02-02,0,Moderate Stable Consumption,35.95719999999999,5.124,3.420066078560066,0.5470100542135861,0.0,382.0,21536.0,0.0,0.382,21.536,21.918000000000003,0.060798208240167025,243.33281944444445,1,0,2,2010
2010-02-03,1,High Consumption High Demand,48.38356666666667,7.388,3.6647153613451398,0.6535267336682021,2234.0,8423.0,21130.0,2.234,8.423,21.13,31.787,0.06327630524689168,242.3880763888889,2,0,2,2010
2010-02-04,0,Moderate Stable Consumption,38.6045,6.124,3.807224546361175,0.5302565786149416,1074.0,532.0,23743.0,1.074,0.532,23.743,25.349,0.061239838188121426,242.10079166666668,3,0,2,2010
2010-02-05,0,Moderate Stable Consumption,34.98153333333333,4.482,3.0749938539000583,0.6084835467921935,902.0,474.0,18008.0,0.902,0.474,18.008,19.384,0.06812070368556364,241.94126388888887,4,0,2,2010
2010-02-06,1,High Consumption High Demand,45.216433333333335,7.416,3.9362680087549293,0.7340598345556004,4324.0,2209.0,17857.0,4.324,2.209,17.857,24.39,0.1093311944846011,241.09206944444446,5,1,2,2010
2010-02-07,1,High Consumption High Demand,27.095133333333333,6.0,5.314607543298059,0.905296614650383,2736.0,3837.0,5546.0,2.736,3.837,5.546,12.119,0.09993553577887296,242.68447222222224,6,1,2,2010
2010-02-08,0,Moderate Stable Consumption,43.037299999999995,5.154,2.8741579978297898,0.6312490045122383,1161.0,431.0,19764.0,1.161,0.431,19.764,21.355999999999998,0.05411972095523341,241.99677777777777,0,0,2,2010
2010-02-09,0,Moderate Stable Consumption,40.348866666666666,5.348,3.18105589087178,0.5430446225350374,1214.0,410.0,19769.0,1.214,0.41,19.769,21.392999999999997,0.057710005898554774,243.1503680555556,1,0,2,2010
2010-02-10,0,Moderate Stable Consumption,32.46706666666667,4.846,3.582214592838692,0.649561647622974,1219.0,2976.0,12230.5,1.219,2.976,12.2305,16.4255,0.07271676324316333,242.44686458333334,2,0,2,2010
2010-02-11,0,Moderate Stable Consumption,22.82946666666667,3.54,3.7215061236647373,0.7964634682169337,0.0,330.0,9916.0,0.0,0.33,9.916,10.246,0.09063578649815152,244.51238194444446,3,0,2,2010
2010-02-12,0,Moderate Stable Consumption,31.549966666666666,5.396,4.104726999183306,0.6736664922148832,1241.0,312.0,15211.0,1.241,0.312,15.211,16.764,0.06987963008941374,243.62629166666665,4,0,2,2010
2010-02-13,1,High Consumption High Demand,39.1926,8.724,5.342232972550941,0.7735125960350944,1838.0,5292.0,18710.0,1.838,5.292,18.71,25.84,0.06157369843626944,242.88909027777777,5,1,2,2010
2010-02-14,0,Moderate Stable Consumption,28.141666666666666,5.37,4.579686111933668,0.6414653552971671,1224.5,319.5,13190.5,1.2245,0.3195,13.1905,14.7345,0.07390228013029315,243.14075,6,1,2,2010
2010-02-15,0,Moderate Stable Consumption,34.9522,6.174,4.239389795206025,0.884746512734527,3468.0,332.0,16065.0,3.468,0.332,16.065,19.865000000000002,0.06259501070986472,243.44677777777775,0,0,2,2010
2010-02-16,0,Moderate Stable Consumption,29.962600000000002,6.014,4.817205449460327,0.7297788929662373,1945.0,317.0,12820.0,1.945,0.317,12.82,15.082,0.06653071940797305,243.75376388888887,1,0,2,2010
2010-02-17,1,High Consumption High Demand,34.242666666666665,7.33,5.137450354333775,0.8287160608229927,2294.0,6636.0,10101.0,2.294,6.636,10.101,19.031,0.058192508371622154,242.34681944444444,2,0,2,2010
2010-02-18,0,Moderate Stable Consumption,29.3526,5.154,4.21414116637027,0.7198378469160048,965.0,385.0,14884.0,0.965,0.385,14.884,16.234,0.07949324193881746,243.58819444444444,3,0,2,2010
2010-02-19,0,Moderate Stable Consumption,32.559533333333334,5.544,4.086545056952086,0.7574752813936619,2124.0,397.0,14543.0,2.124,0.397,14.543,17.064,0.06918096696717603,241.70740277777776,4,0,2,2010
2010-02-20,0,Moderate Stable Consumption,33.062133333333335,5.288,3.838590774541671,0.733931035637469,3748.0,382.0,14470.0,3.748,0.382,14.47,18.6,0.07624432381858802,241.78896527777778,5,1,2,2010
2010-02-21,1,High Consumption High Demand,45.6719,8.38,4.4035829470637315,0.84916031803532,5905.0,8142.0,17083.0,5.905,8.142,17.083,31.13,0.06110905538562369,240.625375,6,1,2,2010
2010-02-22,2,Low Consumption High Variability,24.56726666666667,6.084,5.94351834012195,0.9761390931008642,1393.0,2167.0,10159.0,1.393,2.167,10.159,13.719000000000001,0.108968844722924,240.57949305555553,0,0,2,2010
2010-02-23,2,Low Consumption High Variability,24.354666666666667,6.758,6.659586116281616,1.0496141416961344,0.0,3001.0,8806.0,0.0,3.001,8.806,11.806999999999999,0.11500739078068542,241.98468055555557,1,0,2,2010
2010-02-24,0,Moderate Stable Consumption,31.904633333333333,6.512,4.898598845099824,0.7137317212671895,2260.0,1682.0,14315.0,2.26,1.682,14.315,18.256999999999998,0.07842539066948478,241.4657986111111,2,0,2,2010
2010-02-25,0,Moderate Stable Consumption,31.33673333333333,3.836,2.9378939732071623,0.49094492017236474,0.0,474.0,15120.0,0.0,0.474,15.12,15.594,0.06960840419443848,240.98316666666668,3,0,2,2010
2010-02-26,0,Moderate Stable Consumption,35.33593333333333,5.188,3.523665239727643,0.7154288891405707,1146.0,2454.0,14821.0,1.146,2.454,14.821,18.421,0.06570742907597366,240.42563194444443,4,0,2,2010
2010-02-27,0,Moderate Stable Consumption,29.4176,4.752,3.8768628304144457,0.7759151261491684,3743.0,441.0,14358.0,3.743,0.441,14.358,18.542,0.08633720403205339,241.54445833333335,5,1,2,2010
2010-02-28,3,Very Low Consumption,11.8611,1.712,3.4640969218706523,0.6138556838900717,0.0,487.0,2952.0,0.0,0.487,2.952,3.439,0.18838612495187348,242.56746527777779,6,1,2,2010
2010-03-01,0,Moderate Stable Consumption,21.645466666666668,4.682,5.191294866977535,0.8075673338049597,1785.0,471.0,7115.0,1.785,0.471,7.115,9.371,0.1001564607831663,241.82277777777776,0,0,3,2010
2010-03-02,3,Very Low Consumption,12.781766666666668,2.978,5.591715281925034,0.7203114222669466,0.0,424.0,3605.0,0.0,0.424,3.605,4.029,0.17785230523688692,241.75205555555556,1,0,3,2010
2010-03-03,0,Moderate Stable Consumption,15.597233333333332,2.128,3.274426874851737,0.7197197004236567,0.0,425.0,7221.0,0.0,0.425,7.221,7.646,0.12922590972330564,241.2114375,2,0,3,2010
2010-03-04,3,Very Low Consumption,11.381333333333334,1.586,3.344423617619494,0.6173043047280102,0.0,436.0,2928.0,0.0,0.436,2.928,3.364,0.18444529053420805,242.9922916666667,3,0,3,2010
2010-03-05,0,Moderate Stable Consumption,18.895433333333337,4.464,5.669941414415829,0.8683155052031197,1108.0,351.0,5918.0,1.108,0.351,5.918,7.377000000000001,0.11944332228422033,243.4863125,4,0,3,2010
2010-03-06,3,Very Low Consumption,13.2452,2.662,4.823483224111376,0.7813794652454938,0.0,419.0,3970.0,0.0,0.419,3.97,4.389,0.1756082706691229,243.03125694444446,5,1,3,2010
2010-03-07,1,High Consumption High Demand,22.874533333333332,7.14,7.491300368969275,0.9562610520534927,0.0,4674.0,3679.0,0.0,4.674,3.679,8.353,0.09759616225321902,243.55174305555556,6,1,3,2010
2010-03-08,1,High Consumption High Demand,42.6183,7.08,3.9870196605683477,0.7679607003733073,4214.0,7645.0,15971.0,4.214,7.645,15.971,27.83,0.09868139586359224,243.77458333333334,0,0,3,2010
2010-03-09,0,Moderate Stable Consumption,29.3352,4.216,3.44923504867872,0.7496597164608076,846.0,397.0,10893.0,0.846,0.397,10.893,12.136000000000001,0.09549278682265673,243.52749999999997,1,0,3,2010
2010-03-10,0,Moderate Stable Consumption,30.377200000000002,4.38,3.460490104420421,0.5896339160312492,1167.0,375.0,14916.0,1.167,0.375,14.916,16.458000000000002,0.07148892371032661,243.56579166666666,2,0,3,2010
2010-03-11,0,Moderate Stable Consumption,32.518166666666666,5.704,4.209831427561004,0.7826353000078778,2071.0,320.0,15706.0,2.071,0.32,15.706,18.097,0.07810403415526705,242.68144444444445,3,0,3,2010
2010-03-12,0,Moderate Stable Consumption,27.423733333333335,6.226,5.448711092095412,0.7168353857573672,1691.0,411.0,14076.0,1.691,0.411,14.076,16.178,0.09037792082770156,243.0135347222222,4,0,3,2010
2010-03-13,1,High Consumption High Demand,39.71683333333333,6.21,3.752565033298224,0.7689873548728977,2848.0,5534.0,17973.0,2.848,5.534,17.973,26.354999999999997,0.11135580631218503,241.99693750000003,5,1,3,2010
2010-03-14,1,High Consumption High Demand,26.1119,6.154,5.656271661579587,0.8017768043039024,3464.0,918.0,7101.0,3.464,0.918,7.101,11.483,0.12805910970349407,241.9863125,6,1,3,2010
2010-03-15,0,Moderate Stable Consumption,29.864166666666666,5.578,4.48269665429584,0.7124074281389078,778.0,436.0,15053.0,0.778,0.436,15.053,16.267,0.09169964003683345,242.29575,0,0,3,2010
2010-03-16,0,Moderate Stable Consumption,25.710833333333333,3.45,3.220432372864875,0.6356277587826266,0.0,457.0,10083.0,0.0,0.457,10.083,10.540000000000001,0.10873237610605126,241.5400763888889,1,0,3,2010
2010-03-17,1,High Consumption High Demand,33.485499999999995,5.504,3.944871660868137,0.7044633006546098,1136.0,5851.0,13105.0,1.136,5.851,13.105,20.092,0.09245195681712981,241.64133333333334,2,0,3,2010
2010-03-18,0,Moderate Stable Consumption,26.0447,5.28,4.865481268741817,0.7865860646776124,1147.0,570.0,10845.0,1.147,0.57,10.845,12.562000000000001,0.10636457065481011,241.5022638888889,3,0,3,2010
2010-03-19,0,Moderate Stable Consumption,27.723066666666668,4.292,3.715606258085926,0.5740373177328445,0.0,596.0,12591.0,0.0,0.596,12.591,13.187,0.11391115941959284,241.42446527777776,4,0,3,2010
2010-03-22,0,Moderate Stable Consumption,26.976499999999998,3.69,3.282857301725576,0.6394892534691625,1142.0,557.0,13859.0,1.142,0.557,13.859,15.558,0.10599101687271022,241.35879166666666,0,0,3,2010
2010-03-23,0,Moderate Stable Consumption,30.369366666666668,5.308,4.194753265626217,0.7533515654990107,2892.0,1153.0,13107.0,2.892,1.153,13.107,17.152,0.10242448256521648,241.1662986111111,1,0,3,2010
2010-03-24,1,High Consumption High Demand,33.245866666666664,5.888,4.250513347022587,0.758067235266599,1075.0,5832.0,12817.0,1.075,5.832,12.817,19.724,0.1050546634368583,240.72467361111114,2,0,3,2010
2010-03-25,0,Moderate Stable Consumption,27.998066666666666,4.3,3.685968793083332,0.6490952614000982,0.0,611.0,13797.0,0.0,0.611,13.797,14.408000000000001,0.11117315243195365,242.26515277777779,3,0,3,2010
2010-03-26,0,Moderate Stable Consumption,27.521400000000003,4.052,3.533541171597375,0.7349758790734849,1078.0,682.0,12547.0,1.078,0.682,12.547,14.307,0.12467994602987736,241.50402777777776,4,0,3,2010
2010-03-27,1,High Consumption High Demand,30.799500000000002,6.896,5.373593727170896,0.7691604151582819,1067.0,3080.0,12483.0,1.067,3.08,12.483,16.630000000000003,0.10557097788384011,240.41256944444442,5,1,3,2010
2010-03-28,1,High Consumption High Demand,29.970233333333333,6.152,4.9264881710408215,0.9550574119281101,1083.0,7895.0,7118.0,1.083,7.895,7.118,16.096,0.14482592172010672,241.37355555555555,6,1,3,2010
2010-03-29,0,Moderate Stable Consumption,27.045633333333335,4.196,3.7234846290651964,0.5593171367678313,0.0,636.0,15420.0,0.0,0.636,15.42,16.056,0.12761271382071535,241.52158333333335,0,0,3,2010
2010-03-30,0,Moderate Stable Consumption,31.77423333333333,4.878,3.6844948789742635,0.686743619475137,1760.0,571.0,13765.0,1.76,0.571,13.765,16.096,0.14724614388807705,241.08461805555555,1,0,3,2010
2010-03-31,1,High Consumption High Demand,32.06336666666667,5.848,4.377331970753747,0.7781440794093085,1067.0,6313.0,12041.0,1.067,6.313,12.041,19.421,0.1047810533516443,240.1941736111111,2,0,3,2010
2010-04-01,0,Moderate Stable Consumption,28.124000000000002,5.066,4.323140378324562,0.7607076366702845,1780.0,517.0,14393.0,1.78,0.517,14.393,16.69,0.08561134025506092,241.75415972222223,3,0,4,2010
2010-04-02,0,Moderate Stable Consumption,27.477033333333335,4.398,3.8414627488896786,0.6376310900549195,0.0,483.0,13074.0,0.0,0.483,13.074,13.557,0.09274776146381646,242.77352083333332,4,0,4,2010
2010-04-03,0,Moderate Stable Consumption,30.087966666666667,4.446,3.5464011636988872,0.6403651079901106,1778.0,648.0,17694.0,1.778,0.648,17.694,20.119999999999997,0.11446990435822074,243.24993055555558,5,1,4,2010
2010-04-04,0,Moderate Stable Consumption,28.173133333333332,4.372,3.7243993686656554,0.794823888477997,1097.0,831.0,12687.0,1.097,0.831,12.687,14.614999999999998,0.1413734598210588,241.74743055555555,6,1,4,2010
2010-04-05,2,Low Consumption High Variability,18.647,7.15,9.202552689440662,1.0889248908990043,1755.0,1436.0,5503.0,1.755,1.436,5.503,8.693999999999999,0.1478522014265029,243.6551458333333,0,0,4,2010
2010-04-06,0,Moderate Stable Consumption,30.430866666666667,5.604,4.419722956734718,0.7116217764922748,1154.0,613.0,12476.0,1.154,0.613,12.476,14.243,0.09344349925404687,242.74411111111112,1,0,4,2010
2010-04-07,0,Moderate Stable Consumption,26.616366666666668,4.65,4.19290887436427,0.7902262309404972,1077.0,3440.0,11362.0,1.077,3.44,11.362,15.879,0.11554669996280484,241.83122916666665,2,0,4,2010
2010-04-08,0,Moderate Stable Consumption,27.487000000000002,6.57,5.736529995998109,0.7217356910098447,145.0,669.0,13322.0,0.145,0.669,13.322,14.136,0.10013339639344661,241.99483333333333,3,0,4,2010
2010-04-09,0,Moderate Stable Consumption,20.555833333333332,4.254,4.966765313982243,0.8662373372251806,1088.0,566.0,10595.0,1.088,0.566,10.595,12.249,0.1317403818867313,242.58288194444444,4,0,4,2010
2010-04-10,0,Moderate Stable Consumption,19.8368,5.532,6.693015002419745,0.8509675536210368,1044.0,960.0,8933.0,1.044,0.96,8.933,10.937,0.1508307791579287,241.28286111111112,5,1,4,2010
2010-04-11,2,Low Consumption High Variability,26.719683333333332,8.32,7.473142458649398,1.1800622873334887,5499.0,554.0,8851.0,5.499,0.554,8.851,14.904,0.10918355444581741,241.4909097222222,6,1,4,2010
2010-04-12,0,Moderate Stable Consumption,23.990433333333332,3.708,3.7094786394020955,0.7131622687928919,660.0,611.0,11949.0,0.66,0.611,11.949,13.219999999999999,0.10957840139055429,242.00644444444447,0,0,4,2010
2010-04-13,0,Moderate Stable Consumption,25.21173333333333,3.772,3.5907090878321206,0.7169508705331562,1097.0,646.0,13033.0,1.097,0.646,13.033,14.776,0.11313515400236927,241.735125,1,0,4,2010
2010-04-14,1,High Consumption High Demand,27.672733333333333,5.34,4.631273624337796,0.8692188738262943,1132.0,5871.0,9194.0,1.132,5.871,9.194,16.197000000000003,0.10792693650308005,241.3756111111111,2,0,4,2010
2010-04-15,0,Moderate Stable Consumption,31.20296666666667,5.544,4.264209920210578,0.665016814621431,2526.0,658.0,15667.0,2.526,0.658,15.667,18.851,0.08938039011247863,240.8521875,3,0,4,2010
2010-04-16,0,Moderate Stable Consumption,26.034366666666664,5.11,4.710696502443565,0.7808216418462834,2837.0,592.0,12623.0,2.837,0.592,12.623,16.052,0.1090737755607652,241.99183333333332,4,0,4,2010
2010-04-17,0,Moderate Stable Consumption,25.961866666666666,5.92,5.472641926107008,0.8543539267317373,553.0,3124.0,12571.0,0.553,3.124,12.571,16.248,0.09620648746366466,241.30517361111112,5,1,4,2010
2010-04-18,0,Moderate Stable Consumption,24.601766666666666,4.29,4.185065300188469,0.7637772208889548,1104.0,618.0,12550.0,1.104,0.618,12.55,14.272,0.10042097247758629,240.68122916666664,6,1,4,2010
2010-04-19,1,High Consumption High Demand,28.476566666666667,5.84,4.921941666656912,0.7887400037299337,1230.0,4255.0,13474.0,1.23,4.255,13.474,18.959,0.09739235886348659,241.25981944444445,0,0,4,2010
2010-04-20,0,Moderate Stable Consumption,30.560466666666667,4.484,3.521412194839957,0.6044802189970461,1388.0,719.0,16668.0,1.388,0.719,16.668,18.775,0.09593112670618031,240.77724999999998,1,0,4,2010
2010-04-21,0,Moderate Stable Consumption,26.3319,2.73,2.488236701491347,0.5456111888096385,0.0,635.0,12902.0,0.0,0.635,12.902,13.536999999999999,0.10026241934687584,241.93004166666668,2,0,4,2010
2010-04-22,0,Moderate Stable Consumption,24.3484,3.824,3.7692825811963,0.7189041882204277,1062.0,653.0,12492.0,1.062,0.653,12.492,14.207,0.1277633574827641,240.74602083333335,3,0,4,2010
2010-04-23,0,Moderate Stable Consumption,19.6756,4.758,5.803736607778161,0.739660053525645,0.0,623.0,10981.0,0.0,0.623,10.981,11.604,0.1500708152906815,241.61291666666665,4,0,4,2010
2010-04-24,2,Low Consumption High Variability,25.306966666666664,4.34,4.115862693935399,0.9792191815843297,4445.0,1483.0,8223.0,4.445,1.483,8.223,14.151000000000002,0.2020774253203005,241.51611805555558,5,1,4,2010
2010-04-25,0,Moderate Stable Consumption,25.712366666666664,4.356,4.065903436867604,0.7965844309681487,0.0,2350.0,7595.0,0.0,2.35,7.595,9.945,0.15491248698745483,240.66157638888888,6,1,4,2010
2010-04-26,0,Moderate Stable Consumption,18.045266666666667,3.706,4.928937967112336,0.8595630861056932,1038.0,460.0,7635.0,1.038,0.46,7.635,9.133,0.1537060503400707,241.23138194444445,0,0,4,2010
2010-04-27,0,Moderate Stable Consumption,20.849,3.76,4.328265144611252,0.6142828735004713,0.0,545.0,8539.0,0.0,0.545,8.539,9.084,0.12972644571282393,242.07596527777778,1,0,4,2010
2010-04-28,3,Very Low Consumption,14.4643,3.692,6.125979134835423,0.87991154832279,0.0,578.0,6035.0,0.0,0.578,6.035,6.613,0.21049987440341622,242.51982638888887,2,0,4,2010
2010-04-29,0,Moderate Stable Consumption,18.3954,4.368,5.698816008349914,0.7275838068849014,12.0,679.0,8102.0,0.012,0.679,8.102,8.793000000000001,0.15738898492739128,242.2791736111111,3,0,4,2010
2010-04-30,2,Low Consumption High Variability,18.6438,4.32,5.56109805940849,1.0081499388964232,2695.0,659.0,6969.0,2.695,0.659,6.969,10.323,0.18629428192392825,241.81767361111113,4,0,4,2010
2010-05-01,2,Low Consumption High Variability,22.002633333333332,5.038,5.495342224188318,1.0565134053770968,1984.0,4885.0,6751.0,1.984,4.885,6.751,13.620000000000001,0.14583405925654355,240.64716666666666,5,1,5,2010
2010-05-02,1,High Consumption High Demand,36.46516666666666,7.33,4.824330068421462,0.8791104930644968,1858.0,7966.0,14454.0,1.858,7.966,14.454,24.278,0.10694224168270176,240.38825,6,1,5,2010
2010-05-03,0,Moderate Stable Consumption,23.5217,4.35,4.438454703529082,0.8566877149791937,980.0,534.0,11825.0,0.98,0.534,11.825,13.338999999999999,0.10854657614033002,237.18724305555557,0,0,5,2010
2010-05-04,0,Moderate Stable Consumption,25.282666666666668,3.72,3.5312730724607113,0.6422863106031262,0.0,1018.0,12007.0,0.0,1.018,12.007,13.025,0.10167703828710052,236.03702777777778,1,0,5,2010
2010-05-05,1,High Consumption High Demand,30.088466666666665,5.204,4.150959282294212,0.7804969627097446,2969.0,2194.0,12183.0,2.969,2.194,12.183,17.346,0.07156673542686345,236.10560416666667,2,0,5,2010
2010-05-06,0,Moderate Stable Consumption,21.654166666666665,3.496,3.874727727535116,0.643828047831965,0.0,301.0,10280.0,0.0,0.301,10.28,10.581,0.09136347893015202,235.98911111111113,3,0,5,2010
2010-05-07,0,Moderate Stable Consumption,27.400066666666664,4.174,3.6560494986630205,0.7057171670482376,1053.0,332.0,13602.0,1.053,0.332,13.602,14.987,0.08829905523344224,237.49589583333335,4,0,5,2010
2010-05-08,2,Low Consumption High Variability,25.557033333333333,6.492,6.096482246896159,1.0304151280722076,3569.0,2435.0,10158.0,3.569,2.435,10.158,16.162,0.11296433727962689,241.89702083333336,5,1,5,2010
2010-05-09,1,High Consumption High Demand,26.1085,6.066,5.576115058314342,0.9532935778669246,2888.0,2636.0,9945.0,2.888,2.636,9.945,15.469000000000001,0.13110928114088005,241.40132638888886,6,1,5,2010
2010-05-10,0,Moderate Stable Consumption,24.46486666666667,4.602,4.514555566758317,0.7732409000136271,0.0,403.0,12893.0,0.0,0.403,12.893,13.296000000000001,0.0983028724184068,240.99840972222225,0,0,5,2010
2010-05-11,0,Moderate Stable Consumption,26.189466666666664,4.414,4.044985006694803,0.6633167261740441,1156.0,345.0,11418.0,1.156,0.345,11.418,12.918999999999999,0.09692191771755566,242.3830763888889,1,0,5,2010
2010-05-12,0,Moderate Stable Consumption,33.923633333333335,5.89,4.167006482206603,0.6970626470215993,1036.0,4434.0,16362.0,1.036,4.434,16.362,21.832,0.07850868961559739,241.716625,2,0,5,2010
2010-05-13,0,Moderate Stable Consumption,25.903133333333336,4.688,4.343567187495978,0.8855149857369813,2124.5,1477.0,10527.5,2.1245,1.477,10.5275,14.129,0.09915209742965457,242.96012847222224,3,0,5,2010
2010-05-14,0,Moderate Stable Consumption,28.70243333333333,4.632,3.873121094262623,0.638098775948045,1045.0,334.0,16764.0,1.045,0.334,16.764,18.143,0.09283997988556138,242.06722916666666,4,0,5,2010
2010-05-15,0,Moderate Stable Consumption,32.412866666666666,6.714,4.971359110476704,0.8887198321960659,3347.0,336.0,13670.0,3.347,0.336,13.67,17.353,0.11977959370044405,242.10271527777775,5,1,5,2010
2010-05-16,1,High Consumption High Demand,35.0071,8.418,5.771172133652887,0.852796661431049,3361.0,3922.0,11888.0,3.361,3.922,11.888,19.171,0.07826126700012283,240.97365277777777,6,1,5,2010
2010-05-17,0,Moderate Stable Consumption,27.136366666666667,4.16,3.6791955690457208,0.6105927412415612,1014.0,367.0,15344.0,1.014,0.367,15.344,16.724999999999998,0.09051567945106874,241.36027083333332,0,0,5,2010
2010-05-18,0,Moderate Stable Consumption,23.6864,3.086,3.1268576060524182,0.588548446731482,0.0,370.0,11677.0,0.0,0.37,11.677,12.046999999999999,0.10530093218049175,241.520875,1,0,5,2010
2010-05-19,0,Moderate Stable Consumption,23.7792,5.322,5.37141703673799,0.7316991952649148,2122.0,659.0,9864.0,2.122,0.659,9.864,12.645,0.10601281792490916,241.60104166666667,2,0,5,2010
2010-05-20,0,Moderate Stable Consumption,19.23163333333333,3.332,4.158149160497722,0.7189212292808445,0.0,369.0,10101.0,0.0,0.369,10.101,10.47,0.12058258182265677,242.45078472222224,3,0,5,2010
2010-05-21,0,Moderate Stable Consumption,21.573266666666665,4.658,5.181969041931527,0.7689312642539765,1073.0,381.0,10113.0,1.073,0.381,10.113,11.567,0.1295538614148993,241.75904861111113,4,0,5,2010
2010-05-22,1,High Consumption High Demand,34.92953333333333,7.806,5.363484195799924,0.7338604799119489,2278.0,2441.0,17454.0,2.278,2.441,17.454,22.173000000000002,0.10148909327923077,239.55310416666666,5,1,5,2010
2010-05-23,0,Moderate Stable Consumption,24.7926,4.612,4.464557972943539,0.6744746574129695,864.0,416.0,9541.0,0.864,0.416,9.541,10.821,0.17014485505083504,240.69034722222221,6,1,5,2010
2010-05-24,2,Low Consumption High Variability,22.355533333333334,5.124,5.500919981033777,0.891822745628319,1875.0,2467.0,7746.0,1.875,2.467,7.746,12.088000000000001,0.17001010935398544,241.03509722222222,0,0,5,2010
2010-05-25,0,Moderate Stable Consumption,19.9771,4.832,5.805046778561453,0.8560698231204454,474.0,451.0,10439.0,0.474,0.451,10.439,11.364,0.17008307845816792,240.2630486111111,1,0,5,2010
2010-05-26,2,Low Consumption High Variability,23.1314,6.53,6.77520599704298,1.033007959338142,914.0,4500.0,8530.0,0.914,4.5,8.53,13.943999999999999,0.1740851540906877,239.54319444444445,2,0,5,2010
2010-05-27,0,Moderate Stable Consumption,22.0557,3.846,4.185040601749208,0.7401245845367354,932.0,443.0,10669.0,0.932,0.443,10.669,12.044,0.14798593258583195,239.92095138888888,3,0,5,2010
2010-05-28,0,Moderate Stable Consumption,23.302733333333332,3.684,3.794233008431057,0.6611836896777168,1020.0,413.0,11616.0,1.02,0.413,11.616,13.049,0.11620239113580381,240.0395763888889,4,0,5,2010
2010-05-29,0,Moderate Stable Consumption,34.163466666666665,5.614,3.943862059275795,0.7285589539985287,4057.0,400.0,16635.0,4.057,0.4,16.635,21.092000000000002,0.10030793127941738,240.20170833333336,5,1,5,2010
2010-05-30,1,High Consumption High Demand,27.761666666666667,5.658,4.891348982409798,0.8631772480738737,2405.0,2976.0,9708.0,2.405,2.976,9.708,15.089,0.10619679414060154,240.46701388888889,6,1,5,2010
2010-05-31,0,Moderate Stable Consumption,22.341033333333332,4.164,4.4732040147352174,0.8133725649646041,1710.0,2171.0,10461.0,1.71,2.171,10.461,14.342,0.10882367422575201,240.69020833333335,0,0,5,2010
2010-06-01,0,Moderate Stable Consumption,21.1494,4.162,4.722970864421686,0.782936796520859,970.0,400.0,11858.0,0.97,0.4,11.858,13.228000000000002,0.10793844427422686,240.5402777777778,1,0,6,2010
2010-06-02,0,Moderate Stable Consumption,16.348300000000002,2.956,4.339533774153887,0.8184044123777642,0.0,656.0,8454.0,0.0,0.656,8.454,9.110000000000001,0.13175477980381242,240.33645833333333,2,0,6,2010
2010-06-03,0,Moderate Stable Consumption,23.23643333333333,5.038,5.2035524671743945,0.8423983565624067,2916.0,451.0,12304.0,2.916,0.451,12.304,15.671,0.11765718490933061,240.24450694444445,3,0,6,2010
2010-06-04,0,Moderate Stable Consumption,23.675900000000002,4.46,4.521053053949375,0.7992087725362164,1695.0,397.0,12517.0,1.695,0.397,12.517,14.609,0.13040264572835666,240.27963888888888,4,0,6,2010
2010-06-05,1,High Consumption High Demand,33.49406666666667,5.326,3.816317715973575,0.7954834288016647,10932.0,1253.0,12223.0,10.932,1.253,12.223,24.408,0.14628959158935612,241.10038194444445,5,1,6,2010
2010-06-06,1,High Consumption High Demand,29.1132,4.836,3.986645233090145,0.8948790331320875,7609.0,574.0,11365.0,7.609,0.574,11.365,19.548000000000002,0.166697580478958,241.42161805555557,6,1,6,2010
2010-06-07,2,Low Consumption High Variability,16.868033333333333,4.088,5.816445703016159,0.9763687670352061,1821.0,488.0,6737.0,1.821,0.488,6.737,9.046,0.18191213755407173,242.33104861111113,0,0,6,2010
2010-06-08,0,Moderate Stable Consumption,22.700566666666667,4.626,4.890803019601567,0.8023288323843861,1513.0,821.0,11374.0,1.513,0.821,11.374,13.708,0.14561604189029054,241.07685416666666,1,0,6,2010
2010-06-09,1,High Consumption High Demand,25.578033333333334,4.986,4.678389399237105,0.8302040111245096,2774.0,4269.0,8255.0,2.774,4.269,8.255,15.298000000000002,0.11893929817382361,241.18673611111112,2,0,6,2010
2010-06-10,0,Moderate Stable Consumption,20.25316666666667,2.982,3.5336696319094134,0.7150610380420126,0.0,474.0,10870.0,0.0,0.474,10.87,11.344,0.1425505476509846,241.69444444444446,3,0,6,2010
2010-06-11,0,Moderate Stable Consumption,24.5112,5.15,5.042592773915597,0.7824880305658354,3439.0,468.0,11728.0,3.439,0.468,11.728,15.635,0.1486191346540901,241.45329166666667,4,0,6,2010
2010-06-12,0,Moderate Stable Consumption,32.907783333333334,4.222,3.0791499680673318,0.6347239077606247,2705.0,3659.0,16200.0,2.705,3.659,16.2,22.564,0.13762954761968674,240.35415972222222,5,1,6,2010
2010-06-13,1,High Consumption High Demand,27.905933333333333,6.244,5.370040779858047,0.9008066624620141,4922.0,2516.0,9096.0,4.922,2.516,9.096,16.534,0.15153049889031964,241.20292361111112,6,1,6,2010
2010-06-14,0,Moderate Stable Consumption,20.299733333333332,4.168,4.927749461405076,0.7856742300719153,958.0,473.0,10336.0,0.958,0.473,10.336,11.767,0.14666859334769586,241.61683333333332,0,0,6,2010
2010-06-15,0,Moderate Stable Consumption,20.39943333333333,3.394,3.993052094584327,0.7041440895656775,0.0,488.0,10144.0,0.0,0.488,10.144,10.632,0.1463243260025197,240.9032986111111,1,0,6,2010
2010-06-16,1,High Consumption High Demand,29.468200000000003,4.798,3.907669962875235,0.6329085161017911,1875.0,4999.0,10336.0,1.875,4.999,10.336,17.21,0.10354551686224474,240.75138194444443,2,0,6,2010
2010-06-17,0,Moderate Stable Consumption,17.133633333333332,3.516,4.9250499504872485,0.782569544974292,0.0,488.0,8510.0,0.0,0.488,8.51,8.998,0.16368195887620646,240.42709027777778,3,0,6,2010
2010-06-18,0,Moderate Stable Consumption,22.205266666666667,4.1,4.431381143812729,0.7757469239220821,977.0,454.0,11977.0,0.977,0.454,11.977,13.408000000000001,0.1286616688533351,240.52340972222223,4,0,6,2010
2010-06-19,2,Low Consumption High Variability,23.603666666666665,6.22,6.324441117905409,0.9371661381196658,2385.0,1803.0,9554.0,2.385,1.803,9.554,13.742,0.1488525794015054,241.7036388888889,5,1,6,2010
2010-06-20,1,High Consumption High Demand,27.875833333333333,5.84,5.028011120743774,0.8645903045954736,1021.0,4195.0,12337.0,1.021,4.195,12.337,17.553,0.08614391199067292,240.30783333333335,6,1,6,2010
2010-06-21,1,High Consumption High Demand,27.681500000000003,7.508,6.5094738363166735,0.9165669968816214,3824.0,3525.0,11179.0,3.824,3.525,11.179,18.528,0.1021620938171703,240.95399305555554,0,0,6,2010
2010-06-22,1,High Consumption High Demand,25.343133333333334,4.956,4.693342312316025,0.9097272970508158,968.0,6176.0,9230.0,0.968,6.176,9.23,16.374000000000002,0.13773224568390646,240.6849236111111,1,0,6,2010
2010-06-23,2,Low Consumption High Variability,24.0344,5.452,5.444196651466231,1.053890761328056,5740.0,1500.0,10188.0,5.74,1.5,10.188,17.428,0.20559559076434886,239.99858333333336,2,0,6,2010
2010-06-24,0,Moderate Stable Consumption,18.262999999999998,3.638,4.780813666976948,0.872121591687357,973.0,883.0,8090.0,0.973,0.883,8.09,9.946,0.21060979393673918,240.80948611111108,3,0,6,2010
2010-06-25,0,Moderate Stable Consumption,18.323966666666667,3.334,4.366740098122859,0.8639890603903378,0.0,689.0,10466.0,0.0,0.689,10.466,11.155,0.19895073664908797,240.5305486111111,4,0,6,2010
2010-06-26,3,Very Low Consumption,16.360333333333333,3.976,5.832643996658585,0.8956496586347877,921.0,1221.0,7939.0,0.921,1.221,7.939,10.081,0.3000040748965995,241.4948611111111,5,1,6,2010
2010-06-27,2,Low Consumption High Variability,18.999399999999998,4.486,5.666705264376771,0.934639094924016,2665.0,764.0,7690.0,2.665,0.764,7.69,11.119,0.2672979146709896,239.94747916666665,6,1,6,2010
2010-06-28,0,Moderate Stable Consumption,24.522333333333332,3.242,3.172944390827409,0.6915299899998482,0.0,809.0,12516.0,0.0,0.809,12.516,13.325,0.19090624872565143,240.4290138888889,0,0,6,2010
2010-06-29,2,Low Consumption High Variability,22.80905,5.104,5.3704998673772035,0.8689778407011498,1746.0,1984.0,8263.0,1.746,1.984,8.263,11.993,0.23620010478296993,240.34065625,1,0,6,2010
2010-06-30,0,Moderate Stable Consumption,23.068933333333334,3.736,3.8867856915794405,0.646668901519078,398.0,806.0,5214.0,0.398,0.806,5.214,6.418000000000001,0.1723732350000289,240.61095833333334,2,0,6,2010
2010-07-01,0,Moderate Stable Consumption,22.483366666666665,5.404,5.768531106699619,0.7742145412012126,877.0,921.0,7438.0,0.877,0.921,7.438,9.236,0.21382622116201458,239.31421527777775,3,0,7,2010
2010-07-02,0,Moderate Stable Consumption,19.01546666666667,4.07,5.1368710383126714,0.7345044770268281,822.0,932.0,6337.0,0.822,0.932,6.337,8.091,0.260575601615527,239.63011805555556,4,0,7,2010
2010-07-03,3,Very Low Consumption,18.6679,3.286,4.224578018952319,0.7524830856784307,0.0,968.0,6151.0,0.0,0.968,6.151,7.119,0.2811474956118971,241.33627777777778,5,1,7,2010
2010-07-04,0,Moderate Stable Consumption,25.6348,3.394,3.1775555104779443,0.6887179513193002,860.0,804.0,6597.0,0.86,0.804,6.597,8.261000000000001,0.18213912337915647,240.33446527777778,6,1,7,2010
2010-07-05,0,Moderate Stable Consumption,18.5665,4.428,5.723857485255703,0.8571658278008949,841.0,837.0,6913.0,0.841,0.837,6.913,8.591000000000001,0.20991750374778947,241.18256250000002,0,0,7,2010
2010-07-06,3,Very Low Consumption,16.765566666666665,2.368,3.3898048977368296,0.7365361628691319,0.0,771.0,8451.0,0.0,0.771,8.451,9.222000000000001,0.19115767038394169,240.5297013888889,1,0,7,2010
2010-07-07,2,Low Consumption High Variability,13.913133333333333,3.712,6.403158646267077,0.9868094063638502,879.0,760.0,5762.0,0.879,0.76,5.762,7.401,0.25100504559241393,240.6574513888889,2,0,7,2010
2010-07-08,2,Low Consumption High Variability,20.210866666666668,5.126,6.087022492850381,0.9086056007609606,857.0,1350.0,8459.0,0.857,1.35,8.459,10.666,0.20359839426315215,240.304125,3,0,7,2010
2010-07-09,3,Very Low Consumption,18.05796666666667,2.392,3.1790954684820547,0.6345901112406187,0.0,625.0,5356.0,0.0,0.625,5.356,5.981,0.2898757519765053,240.79250694444445,4,0,7,2010
2010-07-10,0,Moderate Stable Consumption,19.241733333333332,3.906,4.871910361505894,0.8667770079141897,907.0,1240.0,8921.0,0.907,1.24,8.921,11.068,0.2436388267169278,240.06252083333337,5,1,7,2010
2010-07-11,0,Moderate Stable Consumption,19.89286666666667,4.632,5.58833484699708,0.855114611601295,848.0,594.0,7781.0,0.848,0.594,7.781,9.222999999999999,0.25354482176190457,239.7739513888889,6,1,7,2010
2010-07-12,0,Moderate Stable Consumption,18.492900000000002,3.758,4.877115000892234,0.8251525009213717,1724.0,646.0,6444.0,1.724,0.646,6.444,8.814,0.25767727073633656,240.2186458333333,0,0,7,2010
2010-07-13,2,Low Consumption High Variability,23.035233333333334,5.016,5.22608120603655,0.8637933022729052,2273.0,2826.0,7894.0,2.273,2.826,7.894,12.993,0.20817530247143143,240.49479166666666,1,0,7,2010
2010-07-14,2,Low Consumption High Variability,23.4912,5.902,6.029832447895382,0.9231902683073514,1064.0,598.0,7575.0,1.064,0.598,7.575,9.237,0.176292966444172,240.34191666666666,2,0,7,2010
2010-07-15,0,Moderate Stable Consumption,27.263550000000002,4.676,4.116265123213961,0.693494740225915,1108.0,2179.0,8203.5,1.108,2.179,8.2035,11.4905,0.11757089593981707,240.36691666666667,3,0,7,2010
2010-07-16,3,Very Low Consumption,13.6676,2.376,4.172202873950072,0.7511619176519306,0.0,568.0,3854.0,0.0,0.568,3.854,4.422,0.23989581199332727,241.15434722222224,4,0,7,2010
2010-07-17,3,Very Low Consumption,13.4392,2.766,4.939579736889101,0.8047187925436742,0.0,541.0,6094.0,0.0,0.541,6.094,6.635000000000001,0.22490177986784932,241.18420833333334,5,1,7,2010
2010-07-18,3,Very Low Consumption,13.533966666666666,2.626,4.656727887118582,0.8462279884320681,0.0,498.0,3943.0,0.0,0.498,3.943,4.441,0.20926360589036475,241.45020138888887,6,1,7,2010
2010-07-19,3,Very Low Consumption,13.352633333333333,2.474,4.446763310108619,0.8292604307848283,0.0,549.0,6105.0,0.0,0.549,6.105,6.654000000000001,0.24027470236832185,241.84955555555555,0,0,7,2010
2010-07-20,3,Very Low Consumption,14.263733333333333,2.676,4.502608012862458,0.7667026547173355,9.0,550.0,5178.0,0.009,0.55,5.178,5.737,0.2552627643066799,241.6489861111111,1,0,7,2010
2010-07-21,2,Low Consumption High Variability,17.7361,3.728,5.044626496242128,1.0012505914164669,2030.0,585.0,6178.0,2.03,0.585,6.178,8.793,0.22951870290913265,241.72080555555556,2,0,7,2010
2010-07-22,3,Very Low Consumption,19.407433333333334,3.344,4.135322719988733,0.8575311263992287,0.0,2151.0,5604.0,0.0,2.151,5.604,7.755,0.2673236886897289,241.1897847222222,3,0,7,2010
2010-07-23,3,Very Low Consumption,19.602633333333333,3.66,4.4810306098330335,0.7144560389087511,897.0,2106.0,8295.0,0.897,2.106,8.295,11.298,0.24255244618495134,239.8829166666667,4,0,7,2010
2010-07-24,3,Very Low Consumption,15.361133333333333,3.162,4.940260484252464,0.723936445019746,0.0,2096.0,3892.0,0.0,2.096,3.892,5.9879999999999995,0.310148556747115,240.29686805555554,5,1,7,2010
2010-07-25,2,Low Consumption High Variability,18.84016666666667,5.916,7.53623906370255,0.9187424035964808,0.0,3732.0,7549.0,0.0,3.732,7.549,11.281,0.2283826222344105,240.27947916666668,6,1,7,2010
2010-07-26,2,Low Consumption High Variability,14.735833333333334,3.508,5.713419668608268,1.0431924746606167,0.0,2246.0,4147.0,0.0,2.246,4.147,6.393000000000001,0.20116496069671438,240.93763194444443,0,0,7,2010
2010-07-27,2,Low Consumption High Variability,15.872666666666667,3.572,5.400982821622076,0.8807231673565555,907.0,523.0,4042.0,0.907,0.523,4.042,5.4719999999999995,0.18347053635179975,239.63009722222225,1,0,7,2010
2010-07-28,2,Low Consumption High Variability,14.377566666666667,4.21,7.027614779506036,1.0123397330721347,801.0,544.0,7232.0,0.801,0.544,7.232,8.577,0.21198070141679057,240.30625694444444,2,0,7,2010
2010-07-29,3,Very Low Consumption,9.151733333333334,2.162,5.669745621958682,0.8941525932343485,0.0,537.0,4158.0,0.0,0.537,4.158,4.695,0.32282773390833064,240.3845347222222,3,0,7,2010
2010-07-30,3,Very Low Consumption,9.187666666666667,2.044,5.339331712803396,0.9067765543747385,0.0,534.0,4087.0,0.0,0.534,4.087,4.6209999999999996,0.3135616587454196,240.04908333333333,4,0,7,2010
2010-07-31,3,Very Low Consumption,9.243599999999999,2.03,5.270673763468778,0.8680578461448067,0.0,548.0,4272.0,0.0,0.548,4.272,4.82,0.32766815237930386,239.68085416666665,5,1,7,2010
2010-08-01,3,Very Low Consumption,9.261066666666666,2.08,5.390307811915115,0.8736864823149908,0.0,558.0,4263.0,0.0,0.558,4.263,4.821,0.3320171902444643,239.80130555555556,6,1,8,2010
2010-08-02,3,Very Low Consumption,9.158033333333332,2.04,5.3461259877484615,0.8964790847860008,0.0,536.0,4191.0,0.0,0.536,4.191,4.727,0.33348499131909687,240.89735416666667,0,0,8,2010
2010-08-03,3,Very Low Consumption,10.253533333333333,2.052,4.803027249143385,0.7996500411555776,0.0,527.0,4096.0,0.0,0.527,4.096,4.623,0.28789425433834187,241.5017013888889,1,0,8,2010
2010-08-04,3,Very Low Consumption,9.055933333333334,2.06,5.459404147557034,0.9018777960310033,0.0,532.0,4116.0,0.0,0.532,4.116,4.648,0.33022916835371285,241.39795138888888,2,0,8,2010
2010-08-05,3,Very Low Consumption,8.891266666666667,1.914,5.166417983189496,0.8892258970690826,0.0,517.0,4013.0,0.0,0.517,4.013,4.53,0.3255629119210611,241.8593888888889,3,0,8,2010
2010-08-06,3,Very Low Consumption,8.745766666666666,1.716,4.709021126411636,0.8899996466569149,0.0,507.0,3947.0,0.0,0.507,3.947,4.454,0.31364507780907336,240.9532361111111,4,0,8,2010
2010-08-07,3,Very Low Consumption,8.791266666666667,1.988,5.427204270905217,0.9047202101735929,0.0,520.0,3968.0,0.0,0.52,3.968,4.4879999999999995,0.31854719456430247,241.32504861111113,5,1,8,2010
2010-08-08,3,Very Low Consumption,8.807666666666668,1.984,5.406199144684555,0.9015664232901157,0.0,526.0,3958.0,0.0,0.526,3.958,4.484,0.3180789463724785,240.7344652777778,6,1,8,2010
2010-08-09,3,Very Low Consumption,8.917733333333333,1.93,5.194144999476698,0.8866526373716624,0.0,515.0,4042.0,0.0,0.515,4.042,4.5569999999999995,0.3205074533139961,241.06926388888888,0,0,8,2010
2010-08-10,3,Very Low Consumption,9.0793,2.094,5.535228486777614,0.921477385627486,0.0,525.0,4141.0,0.0,0.525,4.141,4.666,0.33374085373688855,241.95466666666664,1,0,8,2010
2010-08-11,3,Very Low Consumption,9.033366666666666,1.992,5.292378994911458,0.9047378840209839,0.0,542.0,4118.0,0.0,0.542,4.118,4.66,0.3248401297412187,240.54286805555554,2,0,8,2010
2010-08-12,3,Very Low Consumption,8.8283,2.038,5.540364509588482,0.9061378948088182,0.0,514.0,3982.0,0.0,0.514,3.982,4.496,0.3192347337539504,240.79493055555557,3,0,8,2010
2010-08-13,3,Very Low Consumption,8.9049,1.974,5.320216959202237,0.8954128301410281,0.0,508.0,4097.0,0.0,0.508,4.097,4.605,0.3098256765002041,240.99115972222222,4,0,8,2010
2010-08-14,3,Very Low Consumption,9.237833333333333,1.984,5.15445540981832,0.9524224417587586,0.0,512.0,4471.0,0.0,0.512,4.471,4.9830000000000005,0.28958810687931874,241.165875,5,1,8,2010
2010-08-15,2,Low Consumption High Variability,17.599766666666667,4.78,6.518268234616746,1.0554161923462264,0.0,4361.0,5282.0,0.0,4.361,5.282,9.643,0.19580752017545683,241.686625,6,1,8,2010
2010-08-16,0,Moderate Stable Consumption,18.828833333333332,3.242,4.132385614261815,0.8194958800893943,1530.0,463.0,7328.0,1.53,0.463,7.328,9.321,0.16377010436121905,241.07695833333335,0,0,8,2010
2010-08-23,3,Very Low Consumption,12.760966666666667,2.26,4.250461694385744,0.822805196953,0.0,565.0,6106.0,0.0,0.565,6.106,6.670999999999999,0.27008925656102334,242.0454236111111,0,0,8,2010
2010-08-24,3,Very Low Consumption,12.049133333333334,2.136,4.254579859132331,0.8641273409399152,0.0,541.0,5712.0,0.0,0.541,5.712,6.253,0.24269795337977282,241.6081597222222,1,0,8,2010
2010-08-25,0,Moderate Stable Consumption,16.340133333333334,3.948,5.798728692544328,0.9567708792945258,969.0,522.0,8959.0,0.969,0.522,8.959,10.45,0.1643519840719374,241.11630555555556,2,0,8,2010
2010-08-26,3,Very Low Consumption,12.620866666666666,3.33,6.332370201729412,0.8707047852400601,0.0,538.0,5078.0,0.0,0.538,5.078,5.6160000000000005,0.23518458848573529,241.8138125,3,0,8,2010
2010-08-27,1,High Consumption High Demand,33.844166666666666,5.33,3.7796764582769065,0.8109025914447797,930.0,7583.0,12707.0,0.93,7.583,12.707,21.22,0.14986235934306746,240.85945833333332,4,0,8,2010
2010-08-28,0,Moderate Stable Consumption,24.0476,5.042,5.032019827342438,0.8863136970338686,2086.0,549.0,12983.0,2.086,0.549,12.983,15.618,0.16460686305494104,242.56586111111113,5,1,8,2010
2010-08-29,0,Moderate Stable Consumption,27.808,5.578,4.814154200230149,0.8732206683836,3005.0,534.0,13095.0,3.005,0.534,13.095,16.634,0.11489139815880321,241.00794444444443,6,1,8,2010
2010-08-30,0,Moderate Stable Consumption,24.913366666666665,5.12,4.932292036002093,0.7863763117690089,940.0,1470.0,11790.0,0.94,1.47,11.79,14.2,0.12085614014431346,241.37439583333332,0,0,8,2010
2010-08-31,0,Moderate Stable Consumption,22.751766666666665,4.624,4.8776871539646,0.8021578628532495,2099.0,1723.0,7958.0,2.099,1.723,7.958,11.780000000000001,0.12340433636655322,241.19238888888887,1,0,8,2010
2010-09-01,0,Moderate Stable Consumption,26.5553,4.796,4.334501963826431,0.796981894611236,1947.0,1194.0,13990.0,1.947,1.194,13.99,17.131,0.11308477027184782,241.26284027777777,2,0,9,2010
2010-09-02,0,Moderate Stable Consumption,23.208199999999998,4.486,4.639049990951474,0.7419360818468462,929.0,500.0,11785.0,0.929,0.5,11.785,13.214,0.12230734539228952,240.94371527777778,3,0,9,2010
2010-09-03,0,Moderate Stable Consumption,22.44023333333333,5.5,5.882291776526388,0.7722711364801373,940.0,523.0,9747.0,0.94,0.523,9.747,11.21,0.12521854347919734,240.5336736111111,4,0,9,2010
2010-09-04,0,Moderate Stable Consumption,29.064,4.808,3.97027250206441,0.7175118242804931,2605.0,734.0,13241.0,2.605,0.734,13.241,16.58,0.12502523167263052,241.10194444444443,5,1,9,2010
2010-09-05,1,High Consumption High Demand,22.0503,4.352,4.736806301955076,0.862455828252839,1609.0,2732.0,7471.0,1.609,2.732,7.471,11.812000000000001,0.1413510624949925,242.14060416666663,6,1,9,2010
2010-09-06,0,Moderate Stable Consumption,23.7146,5.074,5.135064475049125,0.8396374485201474,3164.0,532.0,10174.0,3.164,0.532,10.174,13.87,0.11329448244260217,241.84175,0,0,9,2010
2010-09-07,0,Moderate Stable Consumption,24.197566666666667,5.192,5.149608707211606,0.8761984929501917,1929.0,922.0,11829.0,1.929,0.922,11.829,14.68,0.11568794107396473,241.2751597222222,1,0,9,2010
2010-09-08,0,Moderate Stable Consumption,21.7302,4.13,4.561393820581495,0.8612762829479954,1.0,495.0,7478.0,0.001,0.495,7.478,7.974,0.1312934686902713,240.98400694444442,2,0,9,2010
2010-09-09,2,Low Consumption High Variability,20.645233333333334,6.426,7.47019893211831,0.9361950524809847,1813.0,2128.0,7016.0,1.813,2.128,7.016,10.957,0.13558739143983195,240.6032152777778,3,0,9,2010
2010-09-10,0,Moderate Stable Consumption,22.135133333333332,4.396,4.7663593623410145,0.9651921701460596,966.0,654.0,10773.0,0.966,0.654,10.773,12.393,0.15062931629054263,241.8182013888889,4,0,9,2010
2010-09-11,0,Moderate Stable Consumption,24.3885,3.788,3.727658527584722,0.7527317420449063,930.0,1427.0,8996.0,0.93,1.427,8.996,11.353000000000002,0.1610253466456185,241.67075,5,1,9,2010
2010-09-12,0,Moderate Stable Consumption,26.8682,5.156,4.605593229170544,0.810653875826735,1805.0,2080.0,8891.0,1.805,2.08,8.891,12.776,0.12490478210920965,241.61972222222224,6,1,9,2010
2010-09-13,0,Moderate Stable Consumption,17.938666666666666,3.848,5.148208711163966,0.9367214121601369,1301.0,798.0,6710.0,1.301,0.798,6.71,8.809000000000001,0.1763397502601457,241.15527083333336,0,0,9,2010
2010-09-14,0,Moderate Stable Consumption,23.844633333333334,4.804,4.835301863871535,0.8839015216366124,1874.0,2705.0,10270.0,1.874,2.705,10.27,14.849,0.13769974795167045,240.94131944444445,1,0,9,2010
2010-09-15,3,Very Low Consumption,16.434900000000003,3.384,4.9416789880072285,0.9028233688041567,0.0,898.0,6018.0,0.0,0.898,6.018,6.9159999999999995,0.22265422971846496,241.29677777777778,2,0,9,2010
2010-09-16,0,Moderate Stable Consumption,22.328966666666666,5.28,5.675139467567539,0.8823511076965357,1038.0,739.0,10310.0,1.038,0.739,10.31,12.087,0.12789814127836935,240.41177083333335,3,0,9,2010
2010-09-17,1,High Consumption High Demand,24.96013333333333,5.758,5.53650888617048,1.0611212697978907,1954.0,5496.0,9727.0,1.954,5.496,9.727,17.177,0.13130405286296545,240.814875,4,0,9,2010
2010-09-18,0,Moderate Stable Consumption,20.7991,2.974,3.431686947992943,0.7728003671168437,982.0,754.0,11779.0,0.982,0.754,11.779,13.515,0.1297956802618062,241.55907638888888,5,1,9,2010
2010-09-19,2,Low Consumption High Variability,15.326666666666666,3.762,5.890909090909091,1.0793159692450036,0.0,1307.0,5156.0,0.0,1.307,5.156,6.462999999999999,0.16029360591561548,241.71130555555558,6,1,9,2010
2010-09-20,0,Moderate Stable Consumption,28.0472,6.17,5.279671411049944,0.7800235880062224,3323.0,766.0,13262.0,3.323,0.766,13.262,17.351,0.11600326116926703,241.4937361111111,0,0,9,2010
2010-09-21,0,Moderate Stable Consumption,18.522933333333334,3.636,4.711132865924764,0.926271921520347,0.0,679.0,7969.0,0.0,0.679,7.969,8.648,0.16170404975453853,240.91864583333333,1,0,9,2010
2010-09-22,0,Moderate Stable Consumption,25.173233333333332,4.484,4.275016982323818,0.8013842014106319,2472.0,1167.0,11768.0,2.472,1.167,11.768,15.407,0.12468931947558055,240.65502777777778,2,0,9,2010
2010-09-23,0,Moderate Stable Consumption,24.16436666666667,3.92,3.8933360554314818,0.7696494022527373,1021.0,755.0,12002.0,1.021,0.755,12.002,13.778,0.11376117175289784,240.7245,3,0,9,2010
2010-09-24,0,Moderate Stable Consumption,22.1332,3.952,4.285327020042289,0.8378164705187401,1739.0,773.0,8666.0,1.739,0.773,8.666,11.178,0.13950084036650823,240.58872222222223,4,0,9,2010
2010-09-29,0,Moderate Stable Consumption,28.073766666666664,4.422,3.7803263544970216,0.6051559527293946,1579.0,648.0,13047.0,1.579,0.648,13.047,15.274000000000001,0.08276409886810107,241.22340972222224,2,0,9,2010
2010-09-30,0,Moderate Stable Consumption,20.804633333333335,3.932,4.5359126732987365,0.7195998965420162,0.0,771.0,7988.0,0.0,0.771,7.988,8.759,0.12275791129860494,242.30779166666665,3,0,9,2010
2010-10-01,0,Moderate Stable Consumption,25.080333333333332,4.136,3.95784213394293,0.76918271565837,1752.0,724.0,11307.0,1.752,0.724,11.307,13.783000000000001,0.10485240759692188,240.80197916666665,4,0,10,2010
2010-10-02,0,Moderate Stable Consumption,32.05423333333333,6.414,4.802360998599249,0.8611830472353645,3972.0,741.0,13532.0,3.972,0.741,13.532,18.245,0.08635676826877782,240.70345833333332,5,1,10,2010
2010-10-03,1,High Consumption High Demand,30.5114,6.796,5.345674075919165,0.9270007327844744,5000.0,2564.0,7738.0,5.0,2.564,7.738,15.302,0.11078591389884873,241.93284027777776,6,1,10,2010
2010-10-04,0,Moderate Stable Consumption,29.599333333333334,5.212,4.226041127052411,0.7438476858115101,1709.0,722.0,8252.0,1.709,0.722,8.252,10.683,0.10562400054055271,240.62145833333335,0,0,10,2010
2010-10-05,0,Moderate Stable Consumption,30.9104,5.252,4.07785082043584,0.6241976867126356,0.0,3012.0,12037.0,0.0,3.012,12.037,15.049000000000001,0.11465504598236624,239.91899999999998,1,0,10,2010
2010-10-06,0,Moderate Stable Consumption,21.924266666666664,4.174,4.569183613895106,0.7866255943310796,1016.0,527.0,8055.0,1.016,0.527,8.055,9.597999999999999,0.10685876228471344,241.27625,2,0,10,2010
2010-10-07,0,Moderate Stable Consumption,30.1659,4.94,3.9302656310602377,0.735802509923618,2159.0,543.0,12666.0,2.159,0.543,12.666,15.368,0.09950308129377874,241.60523611111108,3,0,10,2010
2010-10-08,0,Moderate Stable Consumption,25.174266666666664,5.226,4.982230531706982,0.7754576433779451,964.0,710.0,9927.0,0.964,0.71,9.927,11.600999999999999,0.13281816881789343,240.98219444444445,4,0,10,2010
2010-10-09,0,Moderate Stable Consumption,26.863,4.048,3.616572981424264,0.6788176398604934,959.0,1585.0,13132.0,0.959,1.585,13.132,15.676,0.15760215414014322,240.1984375,5,1,10,2010
2010-10-10,1,High Consumption High Demand,33.31506666666667,6.892,4.964960798517588,0.8594232992416142,3325.0,773.0,10297.0,3.325,0.773,10.297,14.395,0.16381276939762993,240.3423472222222,6,1,10,2010
2010-10-11,1,High Consumption High Demand,27.043166666666664,6.158,5.465040460005301,0.8789979394102985,1007.0,5006.0,8734.0,1.007,5.006,8.734,14.747,0.16549467209831195,239.92619444444443,0,0,10,2010
2010-10-12,0,Moderate Stable Consumption,26.3282,5.696,5.192303309759117,0.8346134299606007,1104.0,780.0,9812.0,1.104,0.78,9.812,11.696,0.10778556832597747,240.26067361111112,1,0,10,2010
2010-10-13,0,Moderate Stable Consumption,34.564766666666664,3.962,2.7510094576076023,0.6421069398552284,1988.0,611.0,16593.0,1.988,0.611,16.593,19.192,0.08324662011315954,240.79931944444445,2,0,10,2010
2010-10-14,1,High Consumption High Demand,35.585366666666665,6.298,4.247588662380886,0.8724663370440363,2583.0,2441.0,14239.0,2.583,2.441,14.239,19.263,0.1011389513105106,240.90321527777778,3,0,10,2010
2010-10-15,0,Moderate Stable Consumption,26.6054,4.238,3.822983304141265,0.6878503651381775,712.0,827.0,10786.0,0.712,0.827,10.786,12.325,0.12625256526870485,240.7949444444444,4,0,10,2010
2010-10-16,0,Moderate Stable Consumption,16.666900000000002,3.35,4.82393246494549,0.89749767255955,0.0,645.0,7656.0,0.0,0.645,7.656,8.301,0.16793564890091536,241.91749305555555,5,1,10,2010
2010-10-17,2,Low Consumption High Variability,17.456366666666668,4.326,5.947629422693916,1.0160167038051051,995.0,666.0,4681.0,0.995,0.666,4.681,6.3420000000000005,0.17710252801747592,242.2758263888889,6,1,10,2010
2010-10-18,1,High Consumption High Demand,45.2314,6.29,3.337504476978382,0.8261160922206993,2234.0,10218.0,16382.0,2.234,10.218,16.382,28.834000000000003,0.09623992771982887,241.81618055555555,0,0,10,2010
2010-10-19,1,High Consumption High Demand,32.09963333333334,6.492,4.853887219895554,0.8837900695141953,1025.0,4110.0,9461.0,1.025,4.11,9.461,14.596,0.11400441749594231,241.9127847222222,1,0,10,2010
2010-10-20,0,Moderate Stable Consumption,28.7994,4.978,4.148419758744974,0.8102710798807419,2154.0,690.0,10330.0,2.154,0.69,10.33,13.174,0.09407834885449003,242.248125,2,0,10,2010
2010-10-21,0,Moderate Stable Consumption,22.586633333333335,4.762,5.059983854757754,0.9363937860671323,755.0,691.0,6757.0,0.755,0.691,6.757,8.203,0.13388006770966307,243.47242361111108,3,0,10,2010
2010-10-22,0,Moderate Stable Consumption,27.814866666666667,4.642,4.005340069938619,0.6339069885234944,1106.0,478.0,12697.0,1.106,0.478,12.697,14.280999999999999,0.08899437471088603,242.79820138888888,4,0,10,2010
2010-10-23,1,High Consumption High Demand,38.2206,6.234,3.9145382333087393,0.7224916127113701,3737.0,3883.0,13465.0,3.737,3.883,13.465,21.085,0.09293068833735385,242.24353472222222,5,1,10,2010
2010-10-24,1,High Consumption High Demand,39.87173333333333,6.172,3.715113129435055,0.706784619227202,1982.0,7563.0,13237.5,1.982,7.563,13.2375,22.7825,0.11266084912285394,243.02140972222224,6,1,10,2010
2010-10-25,0,Moderate Stable Consumption,19.388199999999998,5.422,6.711711247047173,0.7627949722149914,0.0,541.0,6748.0,0.0,0.541,6.748,7.289000000000001,0.13696303249742972,242.40615277777778,0,0,10,2010
2010-10-26,2,Low Consumption High Variability,15.765066666666666,4.616,7.027182462490908,1.0875194085160982,0.0,2488.0,4989.0,0.0,2.488,4.989,7.477,0.1831750367902028,244.89095833333332,1,0,10,2010
2010-10-27,0,Moderate Stable Consumption,21.004633333333334,4.29,4.901775639977846,0.8502548320421675,0.0,2058.0,8269.0,0.0,2.058,8.269,10.327,0.12206195775852628,246.1087083333333,2,0,10,2010
2010-10-28,0,Moderate Stable Consumption,24.388766666666665,5.294,5.209611528804927,0.8878517583983648,1103.0,2627.0,9087.0,1.103,2.627,9.087,12.817,0.12795508314620258,246.25389583333333,3,0,10,2010
2010-10-29,0,Moderate Stable Consumption,20.0737,4.054,4.846939029675645,0.7015270402252053,1075.0,726.0,3911.0,1.075,0.726,3.911,5.712,0.1625011831401286,245.74310416666668,4,0,10,2010
2010-10-30,0,Moderate Stable Consumption,35.87833333333333,5.02,3.358015515399266,0.7184011928967677,2353.0,614.0,15303.0,2.353,0.614,15.303,18.27,0.09073256840247132,243.26736805555555,5,1,10,2010
2010-10-31,0,Moderate Stable Consumption,24.607166666666668,4.7,4.584030397648382,0.7919975809291583,1430.0,678.0,5589.0,1.43,0.678,5.589,7.697000000000001,0.14093590620618654,245.49527777777777,6,1,10,2010
2010-11-01,0,Moderate Stable Consumption,23.053,2.86,2.9774866611720814,0.5960916058981981,0.0,634.0,8746.0,0.0,0.634,8.746,9.38,0.13525788400642,246.37959722222223,0,0,11,2010
2010-11-02,0,Moderate Stable Consumption,19.851366666666667,3.146,3.803466092175013,0.7403110681713535,0.0,574.0,5784.0,0.0,0.574,5.784,6.358,0.15659711086222444,245.78691666666666,1,0,11,2010
2010-11-03,0,Moderate Stable Consumption,21.554966666666665,5.026,5.596111646349101,0.9130958244873294,1021.0,1108.0,6529.0,1.021,1.108,6.529,8.658,0.13629032133352095,244.27853472222225,2,0,11,2010
2010-11-04,1,High Consumption High Demand,42.58576666666667,8.126,4.5795582718169525,0.9591650875986341,6029.0,11193.0,10286.0,6.029,11.193,10.286,27.508000000000003,0.0987959200765827,243.15222916666667,3,0,11,2010
2010-11-05,0,Moderate Stable Consumption,28.9348,5.374,4.45746989783928,0.631686118094023,0.0,790.0,12610.0,0.0,0.79,12.61,13.399999999999999,0.10396823202510472,243.77503472222222,4,0,11,2010
2010-11-06,0,Moderate Stable Consumption,30.09013333333333,4.896,3.9050674418192455,0.7320182446220603,3255.0,680.0,9803.0,3.255,0.68,9.803,13.738000000000001,0.10743167195448342,238.43022222222223,5,1,11,2010
2010-11-07,0,Moderate Stable Consumption,27.896933333333333,3.338,2.8717134977799237,0.6752814057257298,1026.0,621.0,6943.0,1.026,0.621,6.943,8.59,0.10453717732415033,238.4364861111111,6,1,11,2010
2010-11-08,0,Moderate Stable Consumption,30.425666666666665,5.51,4.346330400867688,0.7041234202235176,1087.0,555.0,13038.0,1.087,0.555,13.038,14.68,0.07978789837527527,237.7430625,0,0,11,2010
2010-11-09,0,Moderate Stable Consumption,33.701633333333334,5.644,4.01927107390443,0.7941434117411084,2097.0,583.0,12500.0,2.097,0.583,12.5,15.18,0.07648986349820829,237.78809027777777,1,0,11,2010
2010-11-10,1,High Consumption High Demand,32.442233333333334,7.638,5.6504124767407085,0.8668404056683016,1026.0,5858.0,13308.0,1.026,5.858,13.308,20.192,0.07884372941854599,239.08477083333335,2,0,11,2010
2010-11-11,1,High Consumption High Demand,29.559866666666668,5.506,4.4703855227132285,0.8308401948225175,3424.0,2216.0,6259.0,3.424,2.216,6.259,11.899000000000001,0.08580778442843676,238.72870833333334,3,0,11,2010
2010-11-12,0,Moderate Stable Consumption,30.613699999999998,4.78,3.747341876349478,0.7288996346045291,2054.0,489.0,10308.0,2.054,0.489,10.308,12.850999999999999,0.08228559980226718,238.83789583333333,4,0,11,2010
2010-11-13,0,Moderate Stable Consumption,33.719566666666665,5.02,3.5729996530204517,0.6633114642998773,1051.0,589.0,13853.0,1.051,0.589,13.853,15.493,0.08016117249430844,239.33274305555557,5,1,11,2010
2010-11-14,1,High Consumption High Demand,33.9732,4.946,3.4940482497968985,0.7713225515012108,5344.0,549.0,8758.0,5.344,0.549,8.758,14.651,0.09992876738134764,239.2797986111111,6,1,11,2010
2010-11-15,1,High Consumption High Demand,29.123033333333336,7.656,6.3092328981298875,0.8810697833075564,1075.0,4222.0,8918.0,1.075,4.222,8.918,14.215,0.07251762923047163,239.54924305555554,0,0,11,2010
2010-11-16,0,Moderate Stable Consumption,25.162466666666667,4.27,4.072732667968428,0.8179192727828958,0.0,478.0,7949.0,0.0,0.478,7.949,8.427,0.08849026460044988,241.19761111111112,1,0,11,2010
2010-11-17,0,Moderate Stable Consumption,26.3672,5.234,4.76410085257441,0.7716875538195038,1153.0,491.0,8915.0,1.153,0.491,8.915,10.559,0.08970488586830103,241.45224305555556,2,0,11,2010
2010-11-18,0,Moderate Stable Consumption,27.535866666666667,4.602,4.011059515105148,0.8028035830707633,2175.0,489.0,9449.0,2.175,0.489,9.449,12.113,0.12480449740701824,241.01675,3,0,11,2010
2010-11-19,0,Moderate Stable Consumption,26.173333333333336,4.282,3.9264391237901166,0.5997546892944636,0.0,483.0,11914.0,0.0,0.483,11.914,12.397,0.07827814569536422,240.04675694444447,4,0,11,2010
2010-11-20,1,High Consumption High Demand,36.61676666666666,9.724,6.373473718323938,0.8916742126313802,4367.0,2947.0,11433.0,4.367,2.947,11.433,18.747,0.06998979520310823,240.60833333333332,5,1,11,2010
2010-11-21,0,Moderate Stable Consumption,15.015166666666666,3.236,5.172370159061393,0.9122350837061061,0.0,506.0,4778.0,0.0,0.506,4.778,5.284,0.132781298908881,241.18019444444442,6,1,11,2010
2010-11-22,1,High Consumption High Demand,34.025600000000004,5.938,4.188375811153954,0.8280253377343952,4855.0,2110.0,10136.0,4.855,2.11,10.136,17.101,0.06972887081099723,240.19711805555553,0,0,11,2010
2010-11-23,0,Moderate Stable Consumption,26.292266666666666,4.628,4.224512150594345,0.7982852062308113,1871.0,458.0,7611.0,1.871,0.458,7.611,9.94,0.08712954886607975,240.57552777777778,1,0,11,2010
2010-11-24,0,Moderate Stable Consumption,29.93746666666667,5.75,4.609608472772134,0.7132323701107287,1096.0,2848.0,12224.0,1.096,2.848,12.224,16.168,0.0737426012443716,240.0309652777778,2,0,11,2010
2010-11-25,0,Moderate Stable Consumption,23.852733333333333,5.074,5.105326852827488,0.8371913473240689,1076.0,426.0,5072.0,1.076,0.426,5.072,6.574,0.08114234287614837,241.53625694444446,3,0,11,2010
